[dotenv@17.2.2] injecting env (0) from .env -- tip: 🔐 encrypt with Dotenvx: https://dotenvx.com
Movies to process: 19151 [only missing cast]
[1/19151] Caught in the Rain (1914) — created: 0, updated: 0
Error fetching movie credits for ingestion: AxiosError: Request failed with status code 404
    at settle (/Users/demirhorzum/ActorRating/actor-rating/node_modules/axios/lib/core/settle.js:19:12)
    at Unzip.handleStreamEnd (/Users/demirhorzum/ActorRating/actor-rating/node_modules/axios/lib/adapters/http.js:617:11)
    at Unzip.emit (node:events:519:35)
    at endReadableNT (node:internal/streams/readable:1696:12)
    at process.processTicksAndRejections (node:internal/process/task_queues:90:21)
    at Axios.request (/Users/demirhorzum/ActorRating/actor-rating/node_modules/axios/lib/core/Axios.js:45:41)
    at process.processTicksAndRejections (node:internal/process/task_queues:105:5)
    at async getMovieCreditsForIngestion (/Users/demirhorzum/ActorRating/actor-rating/src/lib/tmdb.ts:137:22)
    at async ingestMovieCast (/Users/demirhorzum/ActorRating/actor-rating/src/lib/movie-ingestion.ts:240:19)
    at async main (/Users/demirhorzum/ActorRating/actor-rating/scripts/ingest-all-movies-cast.ts:62:22) {
  code: 'ERR_BAD_REQUEST',
  config: {
    transitional: {
      silentJSONParsing: true,
      forcedJSONParsing: true,
      clarifyTimeoutError: false
    },
    adapter: [ 'xhr', 'http', 'fetch' ],
    transformRequest: [ [Function: transformRequest] ],
    transformResponse: [ [Function: transformResponse] ],
    timeout: 30000,
    xsrfCookieName: 'XSRF-TOKEN',
    xsrfHeaderName: 'X-XSRF-TOKEN',
    maxContentLength: -1,
    maxBodyLength: -1,
    env: { FormData: [Function [FormData]], Blob: [class Blob] },
    validateStatus: [Function: validateStatus],
    headers: Object [AxiosHeaders] {
      Accept: 'application/json, text/plain, */*',
      'Content-Type': undefined,
      'User-Agent': 'axios/1.12.2',
      'Accept-Encoding': 'gzip, compress, deflate, br'
    },
    method: 'get',
    url: 'https://api.themoviedb.org/3/movie/383937/credits?api_key=17ed80067ca246fc9ea1be7975b73017&language=en-US',
    allowAbsoluteUrls: true,
    data: undefined
  },
  request: <ref *1> ClientRequest {
    _events: [Object: null prototype] {
      abort: [Function (anonymous)],
      aborted: [Function (anonymous)],
      connect: [Function (anonymous)],
      error: [Function (anonymous)],
      socket: [Function (anonymous)],
      timeout: [Function (anonymous)],
      finish: [Function: requestOnFinish]
    },
    _eventsCount: 7,
    _maxListeners: undefined,
    outputData: [],
    outputSize: 0,
    writable: true,
    destroyed: true,
    _last: true,
    chunkedEncoding: false,
    shouldKeepAlive: true,
    maxRequestsOnConnectionReached: false,
    _defaultKeepAlive: true,
    useChunkedEncodingByDefault: false,
    sendDate: false,
    _removedConnection: false,
    _removedContLen: false,
    _removedTE: false,
    strictContentLength: false,
    _contentLength: 0,
    _hasBody: true,
    _trailer: '',
    finished: true,
    _headerSent: true,
    _closed: true,
    _header: 'GET /3/movie/383937/credits?api_key=17ed80067ca246fc9ea1be7975b73017&language=en-US HTTP/1.1\r\n' +
      'Accept: application/json, text/plain, */*\r\n' +
      'User-Agent: axios/1.12.2\r\n' +
      'Accept-Encoding: gzip, compress, deflate, br\r\n' +
      'Host: api.themoviedb.org\r\n' +
      'Connection: keep-alive\r\n' +
      '\r\n',
    _keepAliveTimeout: 0,
    _onPendingData: [Function: nop],
    agent: Agent {
      _events: [Object: null prototype],
      _eventsCount: 2,
      _maxListeners: undefined,
      defaultPort: 443,
      protocol: 'https:',
      options: [Object: null prototype],
      requests: [Object: null prototype] {},
      sockets: [Object: null prototype] {},
      freeSockets: [Object: null prototype],
      keepAliveMsecs: 1000,
      keepAlive: true,
      maxSockets: Infinity,
      maxFreeSockets: 256,
      scheduling: 'lifo',
      maxTotalSockets: Infinity,
      totalSocketCount: 1,
      maxCachedSessions: 100,
      _sessionCache: [Object],
      [Symbol(shapeMode)]: false,
      [Symbol(kCapture)]: false
    },
    socketPath: undefined,
    method: 'GET',
    maxHeaderSize: undefined,
    insecureHTTPParser: undefined,
    joinDuplicateHeaders: undefined,
    path: '/3/movie/383937/credits?api_key=17ed80067ca246fc9ea1be7975b73017&language=en-US',
    _ended: true,
    res: IncomingMessage {
      _events: [Object],
      _readableState: [ReadableState],
      _maxListeners: undefined,
      socket: null,
      httpVersionMajor: 1,
      httpVersionMinor: 1,
      httpVersion: '1.1',
      complete: true,
      rawHeaders: [Array],
      rawTrailers: [],
      joinDuplicateHeaders: undefined,
      aborted: false,
      upgrade: false,
      url: '',
      method: null,
      statusCode: 404,
      statusMessage: 'Not Found',
      client: [TLSSocket],
      _consuming: true,
      _dumped: false,
      req: [Circular *1],
      _eventsCount: 4,
      responseUrl: 'https://api.themoviedb.org/3/movie/383937/credits?api_key=17ed80067ca246fc9ea1be7975b73017&language=en-US',
      redirects: [],
      [Symbol(shapeMode)]: true,
      [Symbol(kCapture)]: false,
      [Symbol(kHeaders)]: [Object],
      [Symbol(kHeadersCount)]: 30,
      [Symbol(kTrailers)]: null,
      [Symbol(kTrailersCount)]: 0
    },
    aborted: false,
    timeoutCb: null,
    upgradeOrConnect: false,
    parser: null,
    maxHeadersCount: null,
    reusedSocket: true,
    host: 'api.themoviedb.org',
    protocol: 'https:',
    _redirectable: Writable {
      _events: [Object],
      _writableState: [WritableState],
      _maxListeners: undefined,
      _options: [Object],
      _ended: true,
      _ending: true,
      _redirectCount: 0,
      _redirects: [],
      _requestBodyLength: 0,
      _requestBodyBuffers: [],
      _eventsCount: 3,
      _onNativeResponse: [Function (anonymous)],
      _currentRequest: [Circular *1],
      _currentUrl: 'https://api.themoviedb.org/3/movie/383937/credits?api_key=17ed80067ca246fc9ea1be7975b73017&language=en-US',
      _timeout: null,
      [Symbol(shapeMode)]: true,
      [Symbol(kCapture)]: false
    },
    [Symbol(shapeMode)]: false,
    [Symbol(kCapture)]: false,
    [Symbol(kBytesWritten)]: 0,
    [Symbol(kNeedDrain)]: false,
    [Symbol(corked)]: 0,
    [Symbol(kChunkedBuffer)]: [],
    [Symbol(kChunkedLength)]: 0,
    [Symbol(kSocket)]: TLSSocket {
      _tlsOptions: [Object],
      _secureEstablished: true,
      _securePending: false,
      _newSessionPending: false,
      _controlReleased: true,
      secureConnecting: false,
      _SNICallback: null,
      servername: 'api.themoviedb.org',
      alpnProtocol: false,
      authorized: true,
      authorizationError: null,
      encrypted: true,
      _events: [Object: null prototype],
      _eventsCount: 9,
      connecting: false,
      _hadError: false,
      _parent: null,
      _host: 'api.themoviedb.org',
      _closeAfterHandlingError: false,
      _readableState: [ReadableState],
      _writableState: [WritableState],
      allowHalfOpen: false,
      _maxListeners: undefined,
      _sockname: null,
      _pendingData: null,
      _pendingEncoding: '',
      server: undefined,
      _server: null,
      ssl: [TLSWrap],
      _requestCert: true,
      _rejectUnauthorized: true,
      timeout: 5000,
      parser: null,
      _httpMessage: null,
      autoSelectFamilyAttemptedAddresses: [Array],
      [Symbol(alpncallback)]: null,
      [Symbol(res)]: [TLSWrap],
      [Symbol(verified)]: true,
      [Symbol(pendingSession)]: null,
      [Symbol(async_id_symbol)]: -1,
      [Symbol(kHandle)]: [TLSWrap],
      [Symbol(lastWriteQueueSize)]: 0,
      [Symbol(timeout)]: Timeout {
        _idleTimeout: 5000,
        _idlePrev: [TimersList],
        _idleNext: [TimersList],
        _idleStart: 8248,
        _onTimeout: [Function: bound ],
        _timerArgs: undefined,
        _repeat: null,
        _destroyed: false,
        [Symbol(refed)]: false,
        [Symbol(kHasPrimitive)]: false,
        [Symbol(asyncId)]: 673,
        [Symbol(triggerId)]: 671,
        [Symbol(kAsyncContextFrame)]: undefined
      },
      [Symbol(kBuffer)]: null,
      [Symbol(kBufferCb)]: null,
      [Symbol(kBufferGen)]: null,
      [Symbol(shapeMode)]: true,
      [Symbol(kCapture)]: false,
      [Symbol(kSetNoDelay)]: false,
      [Symbol(kSetKeepAlive)]: true,
      [Symbol(kSetKeepAliveInitialDelay)]: 1,
      [Symbol(kBytesRead)]: 0,
      [Symbol(kBytesWritten)]: 0,
      [Symbol(connect-options)]: [Object]
    },
    [Symbol(kOutHeaders)]: [Object: null prototype] {
      accept: [Array],
      'user-agent': [Array],
      'accept-encoding': [Array],
      host: [Array]
    },
    [Symbol(errored)]: null,
    [Symbol(kHighWaterMark)]: 65536,
    [Symbol(kRejectNonStandardBodyWrites)]: false,
    [Symbol(kUniqueHeaders)]: null
  },
  response: {
    status: 404,
    statusText: 'Not Found',
    headers: Object [AxiosHeaders] {
      'content-type': 'application/json;charset=utf-8',
      'transfer-encoding': 'chunked',
      connection: 'keep-alive',
      date: 'Sat, 07 Feb 2026 03:42:23 GMT',
      server: 'openresty',
      'x-az': 'us-east-1c',
      'x-task-id': '3eff4ff361d2494cb5849ad74745b335',
      vary: 'accept-encoding, Origin',
      'x-cache': 'Error from cloudfront',
      via: '1.1 451dbf0c4b9432494b69933368eb09a8.cloudfront.net (CloudFront)',
      'x-amz-cf-pop': 'FRA56-P13',
      'alt-svc': 'h3=":443"; ma=86400',
      'x-amz-cf-id': 'f_KZSBprjHP1DFC9TP0bs4soGbpEKau7pHuyQX-lzoC-P4YFcLzXig=='
    },
    config: {
      transitional: [Object],
      adapter: [Array],
      transformRequest: [Array],
      transformResponse: [Array],
      timeout: 30000,
      xsrfCookieName: 'XSRF-TOKEN',
      xsrfHeaderName: 'X-XSRF-TOKEN',
      maxContentLength: -1,
      maxBodyLength: -1,
      env: [Object],
      validateStatus: [Function: validateStatus],
      headers: [Object [AxiosHeaders]],
      method: 'get',
      url: 'https://api.themoviedb.org/3/movie/383937/credits?api_key=17ed80067ca246fc9ea1be7975b73017&language=en-US',
      allowAbsoluteUrls: true,
      data: undefined
    },
    request: <ref *1> ClientRequest {
      _events: [Object: null prototype],
      _eventsCount: 7,
      _maxListeners: undefined,
      outputData: [],
      outputSize: 0,
      writable: true,
      destroyed: true,
      _last: true,
      chunkedEncoding: false,
      shouldKeepAlive: true,
      maxRequestsOnConnectionReached: false,
      _defaultKeepAlive: true,
      useChunkedEncodingByDefault: false,
      sendDate: false,
      _removedConnection: false,
      _removedContLen: false,
      _removedTE: false,
      strictContentLength: false,
      _contentLength: 0,
      _hasBody: true,
      _trailer: '',
      finished: true,
      _headerSent: true,
      _closed: true,
      _header: 'GET /3/movie/383937/credits?api_key=17ed80067ca246fc9ea1be7975b73017&language=en-US HTTP/1.1\r\n' +
        'Accept: application/json, text/plain, */*\r\n' +
        'User-Agent: axios/1.12.2\r\n' +
        'Accept-Encoding: gzip, compress, deflate, br\r\n' +
        'Host: api.themoviedb.org\r\n' +
        'Connection: keep-alive\r\n' +
        '\r\n',
      _keepAliveTimeout: 0,
      _onPendingData: [Function: nop],
      agent: [Agent],
      socketPath: undefined,
      method: 'GET',
      maxHeaderSize: undefined,
      insecureHTTPParser: undefined,
      joinDuplicateHeaders: undefined,
      path: '/3/movie/383937/credits?api_key=17ed80067ca246fc9ea1be7975b73017&language=en-US',
      _ended: true,
      res: [IncomingMessage],
      aborted: false,
      timeoutCb: null,
      upgradeOrConnect: false,
      parser: null,
      maxHeadersCount: null,
      reusedSocket: true,
      host: 'api.themoviedb.org',
      protocol: 'https:',
      _redirectable: [Writable],
      [Symbol(shapeMode)]: false,
      [Symbol(kCapture)]: false,
      [Symbol(kBytesWritten)]: 0,
      [Symbol(kNeedDrain)]: false,
      [Symbol(corked)]: 0,
      [Symbol(kChunkedBuffer)]: [],
      [Symbol(kChunkedLength)]: 0,
      [Symbol(kSocket)]: [TLSSocket],
      [Symbol(kOutHeaders)]: [Object: null prototype],
      [Symbol(errored)]: null,
      [Symbol(kHighWaterMark)]: 65536,
      [Symbol(kRejectNonStandardBodyWrites)]: false,
      [Symbol(kUniqueHeaders)]: null
    },
    data: {
      success: false,
      status_code: 34,
      status_message: 'The resource you requested could not be found.'
    }
  },
  status: 404
}
[19/19151] Wer einmal aus dem Blechnapf frisst (1962): Failed to fetch movie credits
Error fetching movie credits for ingestion: AxiosError: Request failed with status code 404
    at settle (/Users/demirhorzum/ActorRating/actor-rating/node_modules/axios/lib/core/settle.js:19:12)
    at Unzip.handleStreamEnd (/Users/demirhorzum/ActorRating/actor-rating/node_modules/axios/lib/adapters/http.js:617:11)
    at Unzip.emit (node:events:519:35)
    at endReadableNT (node:internal/streams/readable:1696:12)
    at process.processTicksAndRejections (node:internal/process/task_queues:90:21)
    at Axios.request (/Users/demirhorzum/ActorRating/actor-rating/node_modules/axios/lib/core/Axios.js:45:41)
    at process.processTicksAndRejections (node:internal/process/task_queues:105:5)
    at async getMovieCreditsForIngestion (/Users/demirhorzum/ActorRating/actor-rating/src/lib/tmdb.ts:137:22)
    at async ingestMovieCast (/Users/demirhorzum/ActorRating/actor-rating/src/lib/movie-ingestion.ts:240:19)
    at async main (/Users/demirhorzum/ActorRating/actor-rating/scripts/ingest-all-movies-cast.ts:62:22) {
  code: 'ERR_BAD_REQUEST',
  config: {
    transitional: {
      silentJSONParsing: true,
      forcedJSONParsing: true,
      clarifyTimeoutError: false
    },
    adapter: [ 'xhr', 'http', 'fetch' ],
    transformRequest: [ [Function: transformRequest] ],
    transformResponse: [ [Function: transformResponse] ],
    timeout: 30000,
    xsrfCookieName: 'XSRF-TOKEN',
    xsrfHeaderName: 'X-XSRF-TOKEN',
    maxContentLength: -1,
    maxBodyLength: -1,
    env: { FormData: [Function [FormData]], Blob: [class Blob] },
    validateStatus: [Function: validateStatus],
    headers: Object [AxiosHeaders] {
      Accept: 'application/json, text/plain, */*',
      'Content-Type': undefined,
      'User-Agent': 'axios/1.12.2',
      'Accept-Encoding': 'gzip, compress, deflate, br'
    },
    method: 'get',
    url: 'https://api.themoviedb.org/3/movie/47022/credits?api_key=17ed80067ca246fc9ea1be7975b73017&language=en-US',
    allowAbsoluteUrls: true,
    data: undefined
  },
  request: <ref *1> ClientRequest {
    _events: [Object: null prototype] {
      abort: [Function (anonymous)],
      aborted: [Function (anonymous)],
      connect: [Function (anonymous)],
      error: [Function (anonymous)],
      socket: [Function (anonymous)],
      timeout: [Function (anonymous)],
      finish: [Function: requestOnFinish]
    },
    _eventsCount: 7,
    _maxListeners: undefined,
    outputData: [],
    outputSize: 0,
    writable: true,
    destroyed: true,
    _last: true,
    chunkedEncoding: false,
    shouldKeepAlive: true,
    maxRequestsOnConnectionReached: false,
    _defaultKeepAlive: true,
    useChunkedEncodingByDefault: false,
    sendDate: false,
    _removedConnection: false,
    _removedContLen: false,
    _removedTE: false,
    strictContentLength: false,
    _contentLength: 0,
    _hasBody: true,
    _trailer: '',
    finished: true,
    _headerSent: true,
    _closed: true,
    _header: 'GET /3/movie/47022/credits?api_key=17ed80067ca246fc9ea1be7975b73017&language=en-US HTTP/1.1\r\n' +
      'Accept: application/json, text/plain, */*\r\n' +
      'User-Agent: axios/1.12.2\r\n' +
      'Accept-Encoding: gzip, compress, deflate, br\r\n' +
      'Host: api.themoviedb.org\r\n' +
      'Connection: keep-alive\r\n' +
      '\r\n',
    _keepAliveTimeout: 0,
    _onPendingData: [Function: nop],
    agent: Agent {
      _events: [Object: null prototype],
      _eventsCount: 2,
      _maxListeners: undefined,
      defaultPort: 443,
      protocol: 'https:',
      options: [Object: null prototype],
      requests: [Object: null prototype] {},
      sockets: [Object: null prototype] {},
      freeSockets: [Object: null prototype],
      keepAliveMsecs: 1000,
      keepAlive: true,
      maxSockets: Infinity,
      maxFreeSockets: 256,
      scheduling: 'lifo',
      maxTotalSockets: Infinity,
      totalSocketCount: 1,
      maxCachedSessions: 100,
      _sessionCache: [Object],
      [Symbol(shapeMode)]: false,
      [Symbol(kCapture)]: false
    },
    socketPath: undefined,
    method: 'GET',
    maxHeaderSize: undefined,
    insecureHTTPParser: undefined,
    joinDuplicateHeaders: undefined,
    path: '/3/movie/47022/credits?api_key=17ed80067ca246fc9ea1be7975b73017&language=en-US',
    _ended: true,
    res: IncomingMessage {
      _events: [Object],
      _readableState: [ReadableState],
      _maxListeners: undefined,
      socket: null,
      httpVersionMajor: 1,
      httpVersionMinor: 1,
      httpVersion: '1.1',
      complete: true,
      rawHeaders: [Array],
      rawTrailers: [],
      joinDuplicateHeaders: undefined,
      aborted: false,
      upgrade: false,
      url: '',
      method: null,
      statusCode: 404,
      statusMessage: 'Not Found',
      client: [TLSSocket],
      _consuming: true,
      _dumped: false,
      req: [Circular *1],
      _eventsCount: 4,
      responseUrl: 'https://api.themoviedb.org/3/movie/47022/credits?api_key=17ed80067ca246fc9ea1be7975b73017&language=en-US',
      redirects: [],
      [Symbol(shapeMode)]: true,
      [Symbol(kCapture)]: false,
      [Symbol(kHeaders)]: [Object],
      [Symbol(kHeadersCount)]: 30,
      [Symbol(kTrailers)]: null,
      [Symbol(kTrailersCount)]: 0
    },
    aborted: false,
    timeoutCb: null,
    upgradeOrConnect: false,
    parser: null,
    maxHeadersCount: null,
    reusedSocket: true,
    host: 'api.themoviedb.org',
    protocol: 'https:',
    _redirectable: Writable {
      _events: [Object],
      _writableState: [WritableState],
      _maxListeners: undefined,
      _options: [Object],
      _ended: true,
      _ending: true,
      _redirectCount: 0,
      _redirects: [],
      _requestBodyLength: 0,
      _requestBodyBuffers: [],
      _eventsCount: 3,
      _onNativeResponse: [Function (anonymous)],
      _currentRequest: [Circular *1],
      _currentUrl: 'https://api.themoviedb.org/3/movie/47022/credits?api_key=17ed80067ca246fc9ea1be7975b73017&language=en-US',
      _timeout: null,
      [Symbol(shapeMode)]: true,
      [Symbol(kCapture)]: false
    },
    [Symbol(shapeMode)]: false,
    [Symbol(kCapture)]: false,
    [Symbol(kBytesWritten)]: 0,
    [Symbol(kNeedDrain)]: false,
    [Symbol(corked)]: 0,
    [Symbol(kChunkedBuffer)]: [],
    [Symbol(kChunkedLength)]: 0,
    [Symbol(kSocket)]: TLSSocket {
      _tlsOptions: [Object],
      _secureEstablished: true,
      _securePending: false,
      _newSessionPending: false,
      _controlReleased: true,
      secureConnecting: false,
      _SNICallback: null,
      servername: 'api.themoviedb.org',
      alpnProtocol: false,
      authorized: true,
      authorizationError: null,
      encrypted: true,
      _events: [Object: null prototype],
      _eventsCount: 9,
      connecting: false,
      _hadError: false,
      _parent: null,
      _host: 'api.themoviedb.org',
      _closeAfterHandlingError: false,
      _readableState: [ReadableState],
      _writableState: [WritableState],
      allowHalfOpen: false,
      _maxListeners: undefined,
      _sockname: null,
      _pendingData: null,
      _pendingEncoding: '',
      server: undefined,
      _server: null,
      ssl: [TLSWrap],
      _requestCert: true,
      _rejectUnauthorized: true,
      timeout: 5000,
      parser: null,
      _httpMessage: null,
      autoSelectFamilyAttemptedAddresses: [Array],
      [Symbol(alpncallback)]: null,
      [Symbol(res)]: [TLSWrap],
      [Symbol(verified)]: true,
      [Symbol(pendingSession)]: null,
      [Symbol(async_id_symbol)]: -1,
      [Symbol(kHandle)]: [TLSWrap],
      [Symbol(lastWriteQueueSize)]: 0,
      [Symbol(timeout)]: Timeout {
        _idleTimeout: 5000,
        _idlePrev: [TimersList],
        _idleNext: [TimersList],
        _idleStart: 12325,
        _onTimeout: [Function: bound ],
        _timerArgs: undefined,
        _repeat: null,
        _destroyed: false,
        [Symbol(refed)]: false,
        [Symbol(kHasPrimitive)]: false,
        [Symbol(asyncId)]: 1222,
        [Symbol(triggerId)]: 1220,
        [Symbol(kAsyncContextFrame)]: undefined
      },
      [Symbol(kBuffer)]: null,
      [Symbol(kBufferCb)]: null,
      [Symbol(kBufferGen)]: null,
      [Symbol(shapeMode)]: true,
      [Symbol(kCapture)]: false,
      [Symbol(kSetNoDelay)]: false,
      [Symbol(kSetKeepAlive)]: true,
      [Symbol(kSetKeepAliveInitialDelay)]: 1,
      [Symbol(kBytesRead)]: 0,
      [Symbol(kBytesWritten)]: 0,
      [Symbol(connect-options)]: [Object]
    },
    [Symbol(kOutHeaders)]: [Object: null prototype] {
      accept: [Array],
      'user-agent': [Array],
      'accept-encoding': [Array],
      host: [Array]
    },
    [Symbol(errored)]: null,
    [Symbol(kHighWaterMark)]: 65536,
    [Symbol(kRejectNonStandardBodyWrites)]: false,
    [Symbol(kUniqueHeaders)]: null
  },
  response: {
    status: 404,
    statusText: 'Not Found',
    headers: Object [AxiosHeaders] {
      'content-type': 'application/json;charset=utf-8',
      'transfer-encoding': 'chunked',
      connection: 'keep-alive',
      date: 'Sat, 07 Feb 2026 03:42:27 GMT',
      server: 'openresty',
      'x-az': 'us-east-1b',
      'x-task-id': 'aaf7f3fc54bd40a9973b41a5db6759a3',
      vary: 'accept-encoding, Origin',
      'x-cache': 'Error from cloudfront',
      via: '1.1 451dbf0c4b9432494b69933368eb09a8.cloudfront.net (CloudFront)',
      'x-amz-cf-pop': 'FRA56-P13',
      'alt-svc': 'h3=":443"; ma=86400',
      'x-amz-cf-id': 'kUrZog2u-CZHVWeHYm13x4NOtwjCYsYCvJkWeiR1cpMDGwJ4Jq7Bog=='
    },
    config: {
      transitional: [Object],
      adapter: [Array],
      transformRequest: [Array],
      transformResponse: [Array],
      timeout: 30000,
      xsrfCookieName: 'XSRF-TOKEN',
      xsrfHeaderName: 'X-XSRF-TOKEN',
      maxContentLength: -1,
      maxBodyLength: -1,
      env: [Object],
      validateStatus: [Function: validateStatus],
      headers: [Object [AxiosHeaders]],
      method: 'get',
      url: 'https://api.themoviedb.org/3/movie/47022/credits?api_key=17ed80067ca246fc9ea1be7975b73017&language=en-US',
      allowAbsoluteUrls: true,
      data: undefined
    },
    request: <ref *1> ClientRequest {
      _events: [Object: null prototype],
      _eventsCount: 7,
      _maxListeners: undefined,
      outputData: [],
      outputSize: 0,
      writable: true,
      destroyed: true,
      _last: true,
      chunkedEncoding: false,
      shouldKeepAlive: true,
      maxRequestsOnConnectionReached: false,
      _defaultKeepAlive: true,
      useChunkedEncodingByDefault: false,
      sendDate: false,
      _removedConnection: false,
      _removedContLen: false,
      _removedTE: false,
      strictContentLength: false,
      _contentLength: 0,
      _hasBody: true,
      _trailer: '',
      finished: true,
      _headerSent: true,
      _closed: true,
      _header: 'GET /3/movie/47022/credits?api_key=17ed80067ca246fc9ea1be7975b73017&language=en-US HTTP/1.1\r\n' +
        'Accept: application/json, text/plain, */*\r\n' +
        'User-Agent: axios/1.12.2\r\n' +
        'Accept-Encoding: gzip, compress, deflate, br\r\n' +
        'Host: api.themoviedb.org\r\n' +
        'Connection: keep-alive\r\n' +
        '\r\n',
      _keepAliveTimeout: 0,
      _onPendingData: [Function: nop],
      agent: [Agent],
      socketPath: undefined,
      method: 'GET',
      maxHeaderSize: undefined,
      insecureHTTPParser: undefined,
      joinDuplicateHeaders: undefined,
      path: '/3/movie/47022/credits?api_key=17ed80067ca246fc9ea1be7975b73017&language=en-US',
      _ended: true,
      res: [IncomingMessage],
      aborted: false,
      timeoutCb: null,
      upgradeOrConnect: false,
      parser: null,
      maxHeadersCount: null,
      reusedSocket: true,
      host: 'api.themoviedb.org',
      protocol: 'https:',
      _redirectable: [Writable],
      [Symbol(shapeMode)]: false,
      [Symbol(kCapture)]: false,
      [Symbol(kBytesWritten)]: 0,
      [Symbol(kNeedDrain)]: false,
      [Symbol(corked)]: 0,
      [Symbol(kChunkedBuffer)]: [],
      [Symbol(kChunkedLength)]: 0,
      [Symbol(kSocket)]: [TLSSocket],
      [Symbol(kOutHeaders)]: [Object: null prototype],
      [Symbol(errored)]: null,
      [Symbol(kHighWaterMark)]: 65536,
      [Symbol(kRejectNonStandardBodyWrites)]: false,
      [Symbol(kUniqueHeaders)]: null
    },
    data: {
      success: false,
      status_code: 34,
      status_message: 'The resource you requested could not be found.'
    }
  },
  status: 404
}
[38/19151] Return of the Ewok (1982): Failed to fetch movie credits
Error fetching movie credits for ingestion: AxiosError: Request failed with status code 404
    at settle (/Users/demirhorzum/ActorRating/actor-rating/node_modules/axios/lib/core/settle.js:19:12)
    at Unzip.handleStreamEnd (/Users/demirhorzum/ActorRating/actor-rating/node_modules/axios/lib/adapters/http.js:617:11)
    at Unzip.emit (node:events:519:35)
    at endReadableNT (node:internal/streams/readable:1696:12)
    at process.processTicksAndRejections (node:internal/process/task_queues:90:21)
    at Axios.request (/Users/demirhorzum/ActorRating/actor-rating/node_modules/axios/lib/core/Axios.js:45:41)
    at process.processTicksAndRejections (node:internal/process/task_queues:105:5)
    at async getMovieCreditsForIngestion (/Users/demirhorzum/ActorRating/actor-rating/src/lib/tmdb.ts:137:22)
    at async ingestMovieCast (/Users/demirhorzum/ActorRating/actor-rating/src/lib/movie-ingestion.ts:240:19)
    at async main (/Users/demirhorzum/ActorRating/actor-rating/scripts/ingest-all-movies-cast.ts:62:22) {
  code: 'ERR_BAD_REQUEST',
  config: {
    transitional: {
      silentJSONParsing: true,
      forcedJSONParsing: true,
      clarifyTimeoutError: false
    },
    adapter: [ 'xhr', 'http', 'fetch' ],
    transformRequest: [ [Function: transformRequest] ],
    transformResponse: [ [Function: transformResponse] ],
    timeout: 30000,
    xsrfCookieName: 'XSRF-TOKEN',
    xsrfHeaderName: 'X-XSRF-TOKEN',
    maxContentLength: -1,
    maxBodyLength: -1,
    env: { FormData: [Function [FormData]], Blob: [class Blob] },
    validateStatus: [Function: validateStatus],
    headers: Object [AxiosHeaders] {
      Accept: 'application/json, text/plain, */*',
      'Content-Type': undefined,
      'User-Agent': 'axios/1.12.2',
      'Accept-Encoding': 'gzip, compress, deflate, br'
    },
    method: 'get',
    url: 'https://api.themoviedb.org/3/movie/622178/credits?api_key=17ed80067ca246fc9ea1be7975b73017&language=en-US',
    allowAbsoluteUrls: true,
    data: undefined
  },
  request: <ref *1> ClientRequest {
    _events: [Object: null prototype] {
      abort: [Function (anonymous)],
      aborted: [Function (anonymous)],
      connect: [Function (anonymous)],
      error: [Function (anonymous)],
      socket: [Function (anonymous)],
      timeout: [Function (anonymous)],
      finish: [Function: requestOnFinish]
    },
    _eventsCount: 7,
    _maxListeners: undefined,
    outputData: [],
    outputSize: 0,
    writable: true,
    destroyed: true,
    _last: true,
    chunkedEncoding: false,
    shouldKeepAlive: true,
    maxRequestsOnConnectionReached: false,
    _defaultKeepAlive: true,
    useChunkedEncodingByDefault: false,
    sendDate: false,
    _removedConnection: false,
    _removedContLen: false,
    _removedTE: false,
    strictContentLength: false,
    _contentLength: 0,
    _hasBody: true,
    _trailer: '',
    finished: true,
    _headerSent: true,
    _closed: true,
    _header: 'GET /3/movie/622178/credits?api_key=17ed80067ca246fc9ea1be7975b73017&language=en-US HTTP/1.1\r\n' +
      'Accept: application/json, text/plain, */*\r\n' +
      'User-Agent: axios/1.12.2\r\n' +
      'Accept-Encoding: gzip, compress, deflate, br\r\n' +
      'Host: api.themoviedb.org\r\n' +
      'Connection: keep-alive\r\n' +
      '\r\n',
    _keepAliveTimeout: 0,
    _onPendingData: [Function: nop],
    agent: Agent {
      _events: [Object: null prototype],
      _eventsCount: 2,
      _maxListeners: undefined,
      defaultPort: 443,
      protocol: 'https:',
      options: [Object: null prototype],
      requests: [Object: null prototype] {},
      sockets: [Object: null prototype] {},
      freeSockets: [Object: null prototype],
      keepAliveMsecs: 1000,
      keepAlive: true,
      maxSockets: Infinity,
      maxFreeSockets: 256,
      scheduling: 'lifo',
      maxTotalSockets: Infinity,
      totalSocketCount: 1,
      maxCachedSessions: 100,
      _sessionCache: [Object],
      [Symbol(shapeMode)]: false,
      [Symbol(kCapture)]: false
    },
    socketPath: undefined,
    method: 'GET',
    maxHeaderSize: undefined,
    insecureHTTPParser: undefined,
    joinDuplicateHeaders: undefined,
    path: '/3/movie/622178/credits?api_key=17ed80067ca246fc9ea1be7975b73017&language=en-US',
    _ended: true,
    res: IncomingMessage {
      _events: [Object],
      _readableState: [ReadableState],
      _maxListeners: undefined,
      socket: null,
      httpVersionMajor: 1,
      httpVersionMinor: 1,
      httpVersion: '1.1',
      complete: true,
      rawHeaders: [Array],
      rawTrailers: [],
      joinDuplicateHeaders: undefined,
      aborted: false,
      upgrade: false,
      url: '',
      method: null,
      statusCode: 404,
      statusMessage: 'Not Found',
      client: [TLSSocket],
      _consuming: true,
      _dumped: false,
      req: [Circular *1],
      _eventsCount: 4,
      responseUrl: 'https://api.themoviedb.org/3/movie/622178/credits?api_key=17ed80067ca246fc9ea1be7975b73017&language=en-US',
      redirects: [],
      [Symbol(shapeMode)]: true,
      [Symbol(kCapture)]: false,
      [Symbol(kHeaders)]: [Object],
      [Symbol(kHeadersCount)]: 30,
      [Symbol(kTrailers)]: null,
      [Symbol(kTrailersCount)]: 0
    },
    aborted: false,
    timeoutCb: null,
    upgradeOrConnect: false,
    parser: null,
    maxHeadersCount: null,
    reusedSocket: true,
    host: 'api.themoviedb.org',
    protocol: 'https:',
    _redirectable: Writable {
      _events: [Object],
      _writableState: [WritableState],
      _maxListeners: undefined,
      _options: [Object],
      _ended: true,
      _ending: true,
      _redirectCount: 0,
      _redirects: [],
      _requestBodyLength: 0,
      _requestBodyBuffers: [],
      _eventsCount: 3,
      _onNativeResponse: [Function (anonymous)],
      _currentRequest: [Circular *1],
      _currentUrl: 'https://api.themoviedb.org/3/movie/622178/credits?api_key=17ed80067ca246fc9ea1be7975b73017&language=en-US',
      _timeout: null,
      [Symbol(shapeMode)]: true,
      [Symbol(kCapture)]: false
    },
    [Symbol(shapeMode)]: false,
    [Symbol(kCapture)]: false,
    [Symbol(kBytesWritten)]: 0,
    [Symbol(kNeedDrain)]: false,
    [Symbol(corked)]: 0,
    [Symbol(kChunkedBuffer)]: [],
    [Symbol(kChunkedLength)]: 0,
    [Symbol(kSocket)]: TLSSocket {
      _tlsOptions: [Object],
      _secureEstablished: true,
      _securePending: false,
      _newSessionPending: false,
      _controlReleased: true,
      secureConnecting: false,
      _SNICallback: null,
      servername: 'api.themoviedb.org',
      alpnProtocol: false,
      authorized: true,
      authorizationError: null,
      encrypted: true,
      _events: [Object: null prototype],
      _eventsCount: 9,
      connecting: false,
      _hadError: false,
      _parent: null,
      _host: 'api.themoviedb.org',
      _closeAfterHandlingError: false,
      _readableState: [ReadableState],
      _writableState: [WritableState],
      allowHalfOpen: false,
      _maxListeners: undefined,
      _sockname: null,
      _pendingData: null,
      _pendingEncoding: '',
      server: undefined,
      _server: null,
      ssl: [TLSWrap],
      _requestCert: true,
      _rejectUnauthorized: true,
      timeout: 5000,
      parser: null,
      _httpMessage: null,
      autoSelectFamilyAttemptedAddresses: [Array],
      [Symbol(alpncallback)]: null,
      [Symbol(res)]: [TLSWrap],
      [Symbol(verified)]: true,
      [Symbol(pendingSession)]: null,
      [Symbol(async_id_symbol)]: -1,
      [Symbol(kHandle)]: [TLSWrap],
      [Symbol(lastWriteQueueSize)]: 0,
      [Symbol(timeout)]: Timeout {
        _idleTimeout: 5000,
        _idlePrev: [TimersList],
        _idleNext: [TimersList],
        _idleStart: 12997,
        _onTimeout: [Function: bound ],
        _timerArgs: undefined,
        _repeat: null,
        _destroyed: false,
        [Symbol(refed)]: false,
        [Symbol(kHasPrimitive)]: false,
        [Symbol(asyncId)]: 1308,
        [Symbol(triggerId)]: 1306,
        [Symbol(kAsyncContextFrame)]: undefined
      },
      [Symbol(kBuffer)]: null,
      [Symbol(kBufferCb)]: null,
      [Symbol(kBufferGen)]: null,
      [Symbol(shapeMode)]: true,
      [Symbol(kCapture)]: false,
      [Symbol(kSetNoDelay)]: false,
      [Symbol(kSetKeepAlive)]: true,
      [Symbol(kSetKeepAliveInitialDelay)]: 1,
      [Symbol(kBytesRead)]: 0,
      [Symbol(kBytesWritten)]: 0,
      [Symbol(connect-options)]: [Object]
    },
    [Symbol(kOutHeaders)]: [Object: null prototype] {
      accept: [Array],
      'user-agent': [Array],
      'accept-encoding': [Array],
      host: [Array]
    },
    [Symbol(errored)]: null,
    [Symbol(kHighWaterMark)]: 65536,
    [Symbol(kRejectNonStandardBodyWrites)]: false,
    [Symbol(kUniqueHeaders)]: null
  },
  response: {
    status: 404,
    statusText: 'Not Found',
    headers: Object [AxiosHeaders] {
      'content-type': 'application/json;charset=utf-8',
      'transfer-encoding': 'chunked',
      connection: 'keep-alive',
      date: 'Sat, 07 Feb 2026 03:42:28 GMT',
      server: 'openresty',
      'x-az': 'us-east-1b',
      'x-task-id': '1d65f7bfbdb1413eb691d324d3682476',
      vary: 'accept-encoding, Origin',
      'x-cache': 'Error from cloudfront',
      via: '1.1 451dbf0c4b9432494b69933368eb09a8.cloudfront.net (CloudFront)',
      'x-amz-cf-pop': 'FRA56-P13',
      'alt-svc': 'h3=":443"; ma=86400',
      'x-amz-cf-id': '7JMvsZ47TOFRzgc4H4F538lSVPMJcWbYiEiefuw5GsTXV-ybOyV5RQ=='
    },
    config: {
      transitional: [Object],
      adapter: [Array],
      transformRequest: [Array],
      transformResponse: [Array],
      timeout: 30000,
      xsrfCookieName: 'XSRF-TOKEN',
      xsrfHeaderName: 'X-XSRF-TOKEN',
      maxContentLength: -1,
      maxBodyLength: -1,
      env: [Object],
      validateStatus: [Function: validateStatus],
      headers: [Object [AxiosHeaders]],
      method: 'get',
      url: 'https://api.themoviedb.org/3/movie/622178/credits?api_key=17ed80067ca246fc9ea1be7975b73017&language=en-US',
      allowAbsoluteUrls: true,
      data: undefined
    },
    request: <ref *1> ClientRequest {
      _events: [Object: null prototype],
      _eventsCount: 7,
      _maxListeners: undefined,
      outputData: [],
      outputSize: 0,
      writable: true,
      destroyed: true,
      _last: true,
      chunkedEncoding: false,
      shouldKeepAlive: true,
      maxRequestsOnConnectionReached: false,
      _defaultKeepAlive: true,
      useChunkedEncodingByDefault: false,
      sendDate: false,
      _removedConnection: false,
      _removedContLen: false,
      _removedTE: false,
      strictContentLength: false,
      _contentLength: 0,
      _hasBody: true,
      _trailer: '',
      finished: true,
      _headerSent: true,
      _closed: true,
      _header: 'GET /3/movie/622178/credits?api_key=17ed80067ca246fc9ea1be7975b73017&language=en-US HTTP/1.1\r\n' +
        'Accept: application/json, text/plain, */*\r\n' +
        'User-Agent: axios/1.12.2\r\n' +
        'Accept-Encoding: gzip, compress, deflate, br\r\n' +
        'Host: api.themoviedb.org\r\n' +
        'Connection: keep-alive\r\n' +
        '\r\n',
      _keepAliveTimeout: 0,
      _onPendingData: [Function: nop],
      agent: [Agent],
      socketPath: undefined,
      method: 'GET',
      maxHeaderSize: undefined,
      insecureHTTPParser: undefined,
      joinDuplicateHeaders: undefined,
      path: '/3/movie/622178/credits?api_key=17ed80067ca246fc9ea1be7975b73017&language=en-US',
      _ended: true,
      res: [IncomingMessage],
      aborted: false,
      timeoutCb: null,
      upgradeOrConnect: false,
      parser: null,
      maxHeadersCount: null,
      reusedSocket: true,
      host: 'api.themoviedb.org',
      protocol: 'https:',
      _redirectable: [Writable],
      [Symbol(shapeMode)]: false,
      [Symbol(kCapture)]: false,
      [Symbol(kBytesWritten)]: 0,
      [Symbol(kNeedDrain)]: false,
      [Symbol(corked)]: 0,
      [Symbol(kChunkedBuffer)]: [],
      [Symbol(kChunkedLength)]: 0,
      [Symbol(kSocket)]: [TLSSocket],
      [Symbol(kOutHeaders)]: [Object: null prototype],
      [Symbol(errored)]: null,
      [Symbol(kHighWaterMark)]: 65536,
      [Symbol(kRejectNonStandardBodyWrites)]: false,
      [Symbol(kUniqueHeaders)]: null
    },
    data: {
      success: false,
      status_code: 34,
      status_message: 'The resource you requested could not be found.'
    }
  },
  status: 404
}
[41/19151] The South Bank Show: 'Local Hero' (1983): Failed to fetch movie credits
Error fetching movie credits for ingestion: AxiosError: Request failed with status code 404
    at settle (/Users/demirhorzum/ActorRating/actor-rating/node_modules/axios/lib/core/settle.js:19:12)
    at Unzip.handleStreamEnd (/Users/demirhorzum/ActorRating/actor-rating/node_modules/axios/lib/adapters/http.js:617:11)
    at Unzip.emit (node:events:519:35)
    at endReadableNT (node:internal/streams/readable:1696:12)
    at process.processTicksAndRejections (node:internal/process/task_queues:90:21)
    at Axios.request (/Users/demirhorzum/ActorRating/actor-rating/node_modules/axios/lib/core/Axios.js:45:41)
    at process.processTicksAndRejections (node:internal/process/task_queues:105:5)
    at async getMovieCreditsForIngestion (/Users/demirhorzum/ActorRating/actor-rating/src/lib/tmdb.ts:137:22)
    at async ingestMovieCast (/Users/demirhorzum/ActorRating/actor-rating/src/lib/movie-ingestion.ts:240:19)
    at async main (/Users/demirhorzum/ActorRating/actor-rating/scripts/ingest-all-movies-cast.ts:62:22) {
  code: 'ERR_BAD_REQUEST',
  config: {
    transitional: {
      silentJSONParsing: true,
      forcedJSONParsing: true,
      clarifyTimeoutError: false
    },
    adapter: [ 'xhr', 'http', 'fetch' ],
    transformRequest: [ [Function: transformRequest] ],
    transformResponse: [ [Function: transformResponse] ],
    timeout: 30000,
    xsrfCookieName: 'XSRF-TOKEN',
    xsrfHeaderName: 'X-XSRF-TOKEN',
    maxContentLength: -1,
    maxBodyLength: -1,
    env: { FormData: [Function [FormData]], Blob: [class Blob] },
    validateStatus: [Function: validateStatus],
    headers: Object [AxiosHeaders] {
      Accept: 'application/json, text/plain, */*',
      'Content-Type': undefined,
      'User-Agent': 'axios/1.12.2',
      'Accept-Encoding': 'gzip, compress, deflate, br'
    },
    method: 'get',
    url: 'https://api.themoviedb.org/3/movie/942207/credits?api_key=17ed80067ca246fc9ea1be7975b73017&language=en-US',
    allowAbsoluteUrls: true,
    data: undefined
  },
  request: <ref *1> ClientRequest {
    _events: [Object: null prototype] {
      abort: [Function (anonymous)],
      aborted: [Function (anonymous)],
      connect: [Function (anonymous)],
      error: [Function (anonymous)],
      socket: [Function (anonymous)],
      timeout: [Function (anonymous)],
      finish: [Function: requestOnFinish]
    },
    _eventsCount: 7,
    _maxListeners: undefined,
    outputData: [],
    outputSize: 0,
    writable: true,
    destroyed: true,
    _last: true,
    chunkedEncoding: false,
    shouldKeepAlive: true,
    maxRequestsOnConnectionReached: false,
    _defaultKeepAlive: true,
    useChunkedEncodingByDefault: false,
    sendDate: false,
    _removedConnection: false,
    _removedContLen: false,
    _removedTE: false,
    strictContentLength: false,
    _contentLength: 0,
    _hasBody: true,
    _trailer: '',
    finished: true,
    _headerSent: true,
    _closed: true,
    _header: 'GET /3/movie/942207/credits?api_key=17ed80067ca246fc9ea1be7975b73017&language=en-US HTTP/1.1\r\n' +
      'Accept: application/json, text/plain, */*\r\n' +
      'User-Agent: axios/1.12.2\r\n' +
      'Accept-Encoding: gzip, compress, deflate, br\r\n' +
      'Host: api.themoviedb.org\r\n' +
      'Connection: keep-alive\r\n' +
      '\r\n',
    _keepAliveTimeout: 0,
    _onPendingData: [Function: nop],
    agent: Agent {
      _events: [Object: null prototype],
      _eventsCount: 2,
      _maxListeners: undefined,
      defaultPort: 443,
      protocol: 'https:',
      options: [Object: null prototype],
      requests: [Object: null prototype] {},
      sockets: [Object: null prototype] {},
      freeSockets: [Object: null prototype],
      keepAliveMsecs: 1000,
      keepAlive: true,
      maxSockets: Infinity,
      maxFreeSockets: 256,
      scheduling: 'lifo',
      maxTotalSockets: Infinity,
      totalSocketCount: 1,
      maxCachedSessions: 100,
      _sessionCache: [Object],
      [Symbol(shapeMode)]: false,
      [Symbol(kCapture)]: false
    },
    socketPath: undefined,
    method: 'GET',
    maxHeaderSize: undefined,
    insecureHTTPParser: undefined,
    joinDuplicateHeaders: undefined,
    path: '/3/movie/942207/credits?api_key=17ed80067ca246fc9ea1be7975b73017&language=en-US',
    _ended: true,
    res: IncomingMessage {
      _events: [Object],
      _readableState: [ReadableState],
      _maxListeners: undefined,
      socket: null,
      httpVersionMajor: 1,
      httpVersionMinor: 1,
      httpVersion: '1.1',
      complete: true,
      rawHeaders: [Array],
      rawTrailers: [],
      joinDuplicateHeaders: undefined,
      aborted: false,
      upgrade: false,
      url: '',
      method: null,
      statusCode: 404,
      statusMessage: 'Not Found',
      client: [TLSSocket],
      _consuming: true,
      _dumped: false,
      req: [Circular *1],
      _eventsCount: 4,
      responseUrl: 'https://api.themoviedb.org/3/movie/942207/credits?api_key=17ed80067ca246fc9ea1be7975b73017&language=en-US',
      redirects: [],
      [Symbol(shapeMode)]: true,
      [Symbol(kCapture)]: false,
      [Symbol(kHeaders)]: [Object],
      [Symbol(kHeadersCount)]: 30,
      [Symbol(kTrailers)]: null,
      [Symbol(kTrailersCount)]: 0
    },
    aborted: false,
    timeoutCb: null,
    upgradeOrConnect: false,
    parser: null,
    maxHeadersCount: null,
    reusedSocket: true,
    host: 'api.themoviedb.org',
    protocol: 'https:',
    _redirectable: Writable {
      _events: [Object],
      _writableState: [WritableState],
      _maxListeners: undefined,
      _options: [Object],
      _ended: true,
      _ending: true,
      _redirectCount: 0,
      _redirects: [],
      _requestBodyLength: 0,
      _requestBodyBuffers: [],
      _eventsCount: 3,
      _onNativeResponse: [Function (anonymous)],
      _currentRequest: [Circular *1],
      _currentUrl: 'https://api.themoviedb.org/3/movie/942207/credits?api_key=17ed80067ca246fc9ea1be7975b73017&language=en-US',
      _timeout: null,
      [Symbol(shapeMode)]: true,
      [Symbol(kCapture)]: false
    },
    [Symbol(shapeMode)]: false,
    [Symbol(kCapture)]: false,
    [Symbol(kBytesWritten)]: 0,
    [Symbol(kNeedDrain)]: false,
    [Symbol(corked)]: 0,
    [Symbol(kChunkedBuffer)]: [],
    [Symbol(kChunkedLength)]: 0,
    [Symbol(kSocket)]: TLSSocket {
      _tlsOptions: [Object],
      _secureEstablished: true,
      _securePending: false,
      _newSessionPending: false,
      _controlReleased: true,
      secureConnecting: false,
      _SNICallback: null,
      servername: 'api.themoviedb.org',
      alpnProtocol: false,
      authorized: true,
      authorizationError: null,
      encrypted: true,
      _events: [Object: null prototype],
      _eventsCount: 9,
      connecting: false,
      _hadError: false,
      _parent: null,
      _host: 'api.themoviedb.org',
      _closeAfterHandlingError: false,
      _readableState: [ReadableState],
      _writableState: [WritableState],
      allowHalfOpen: false,
      _maxListeners: undefined,
      _sockname: null,
      _pendingData: null,
      _pendingEncoding: '',
      server: undefined,
      _server: null,
      ssl: [TLSWrap],
      _requestCert: true,
      _rejectUnauthorized: true,
      timeout: 5000,
      parser: null,
      _httpMessage: null,
      autoSelectFamilyAttemptedAddresses: [Array],
      [Symbol(alpncallback)]: null,
      [Symbol(res)]: [TLSWrap],
      [Symbol(verified)]: true,
      [Symbol(pendingSession)]: null,
      [Symbol(async_id_symbol)]: -1,
      [Symbol(kHandle)]: [TLSWrap],
      [Symbol(lastWriteQueueSize)]: 0,
      [Symbol(timeout)]: Timeout {
        _idleTimeout: 5000,
        _idlePrev: [TimersList],
        _idleNext: [TimersList],
        _idleStart: 13222,
        _onTimeout: [Function: bound ],
        _timerArgs: undefined,
        _repeat: null,
        _destroyed: false,
        [Symbol(refed)]: false,
        [Symbol(kHasPrimitive)]: false,
        [Symbol(asyncId)]: 1334,
        [Symbol(triggerId)]: 1332,
        [Symbol(kAsyncContextFrame)]: undefined
      },
      [Symbol(kBuffer)]: null,
      [Symbol(kBufferCb)]: null,
      [Symbol(kBufferGen)]: null,
      [Symbol(shapeMode)]: true,
      [Symbol(kCapture)]: false,
      [Symbol(kSetNoDelay)]: false,
      [Symbol(kSetKeepAlive)]: true,
      [Symbol(kSetKeepAliveInitialDelay)]: 1,
      [Symbol(kBytesRead)]: 0,
      [Symbol(kBytesWritten)]: 0,
      [Symbol(connect-options)]: [Object]
    },
    [Symbol(kOutHeaders)]: [Object: null prototype] {
      accept: [Array],
      'user-agent': [Array],
      'accept-encoding': [Array],
      host: [Array]
    },
    [Symbol(errored)]: null,
    [Symbol(kHighWaterMark)]: 65536,
    [Symbol(kRejectNonStandardBodyWrites)]: false,
    [Symbol(kUniqueHeaders)]: null
  },
  response: {
    status: 404,
    statusText: 'Not Found',
    headers: Object [AxiosHeaders] {
      'content-type': 'application/json;charset=utf-8',
      'transfer-encoding': 'chunked',
      connection: 'keep-alive',
      date: 'Sat, 07 Feb 2026 03:42:28 GMT',
      server: 'openresty',
      'x-az': 'us-east-1a',
      'x-task-id': '771588e5b0c0472b80e052eac04202e3',
      vary: 'accept-encoding, Origin',
      'x-cache': 'Error from cloudfront',
      via: '1.1 451dbf0c4b9432494b69933368eb09a8.cloudfront.net (CloudFront)',
      'x-amz-cf-pop': 'FRA56-P13',
      'alt-svc': 'h3=":443"; ma=86400',
      'x-amz-cf-id': 'pZBjODyqrJeR9KcxqethNSqoauoU2nHRTCWsigbV_OqQlmPr4GCXwQ=='
    },
    config: {
      transitional: [Object],
      adapter: [Array],
      transformRequest: [Array],
      transformResponse: [Array],
      timeout: 30000,
      xsrfCookieName: 'XSRF-TOKEN',
      xsrfHeaderName: 'X-XSRF-TOKEN',
      maxContentLength: -1,
      maxBodyLength: -1,
      env: [Object],
      validateStatus: [Function: validateStatus],
      headers: [Object [AxiosHeaders]],
      method: 'get',
      url: 'https://api.themoviedb.org/3/movie/942207/credits?api_key=17ed80067ca246fc9ea1be7975b73017&language=en-US',
      allowAbsoluteUrls: true,
      data: undefined
    },
    request: <ref *1> ClientRequest {
      _events: [Object: null prototype],
      _eventsCount: 7,
      _maxListeners: undefined,
      outputData: [],
      outputSize: 0,
      writable: true,
      destroyed: true,
      _last: true,
      chunkedEncoding: false,
      shouldKeepAlive: true,
      maxRequestsOnConnectionReached: false,
      _defaultKeepAlive: true,
      useChunkedEncodingByDefault: false,
      sendDate: false,
      _removedConnection: false,
      _removedContLen: false,
      _removedTE: false,
      strictContentLength: false,
      _contentLength: 0,
      _hasBody: true,
      _trailer: '',
      finished: true,
      _headerSent: true,
      _closed: true,
      _header: 'GET /3/movie/942207/credits?api_key=17ed80067ca246fc9ea1be7975b73017&language=en-US HTTP/1.1\r\n' +
        'Accept: application/json, text/plain, */*\r\n' +
        'User-Agent: axios/1.12.2\r\n' +
        'Accept-Encoding: gzip, compress, deflate, br\r\n' +
        'Host: api.themoviedb.org\r\n' +
        'Connection: keep-alive\r\n' +
        '\r\n',
      _keepAliveTimeout: 0,
      _onPendingData: [Function: nop],
      agent: [Agent],
      socketPath: undefined,
      method: 'GET',
      maxHeaderSize: undefined,
      insecureHTTPParser: undefined,
      joinDuplicateHeaders: undefined,
      path: '/3/movie/942207/credits?api_key=17ed80067ca246fc9ea1be7975b73017&language=en-US',
      _ended: true,
      res: [IncomingMessage],
      aborted: false,
      timeoutCb: null,
      upgradeOrConnect: false,
      parser: null,
      maxHeadersCount: null,
      reusedSocket: true,
      host: 'api.themoviedb.org',
      protocol: 'https:',
      _redirectable: [Writable],
      [Symbol(shapeMode)]: false,
      [Symbol(kCapture)]: false,
      [Symbol(kBytesWritten)]: 0,
      [Symbol(kNeedDrain)]: false,
      [Symbol(corked)]: 0,
      [Symbol(kChunkedBuffer)]: [],
      [Symbol(kChunkedLength)]: 0,
      [Symbol(kSocket)]: [TLSSocket],
      [Symbol(kOutHeaders)]: [Object: null prototype],
      [Symbol(errored)]: null,
      [Symbol(kHighWaterMark)]: 65536,
      [Symbol(kRejectNonStandardBodyWrites)]: false,
      [Symbol(kUniqueHeaders)]: null
    },
    data: {
      success: false,
      status_code: 34,
      status_message: 'The resource you requested could not be found.'
    }
  },
  status: 404
}
[42/19151] Monchhichis (1983): Failed to fetch movie credits
Error fetching movie credits for ingestion: AxiosError: Request failed with status code 404
    at settle (/Users/demirhorzum/ActorRating/actor-rating/node_modules/axios/lib/core/settle.js:19:12)
    at Unzip.handleStreamEnd (/Users/demirhorzum/ActorRating/actor-rating/node_modules/axios/lib/adapters/http.js:617:11)
    at Unzip.emit (node:events:519:35)
    at endReadableNT (node:internal/streams/readable:1696:12)
    at process.processTicksAndRejections (node:internal/process/task_queues:90:21)
    at Axios.request (/Users/demirhorzum/ActorRating/actor-rating/node_modules/axios/lib/core/Axios.js:45:41)
    at process.processTicksAndRejections (node:internal/process/task_queues:105:5)
    at async getMovieCreditsForIngestion (/Users/demirhorzum/ActorRating/actor-rating/src/lib/tmdb.ts:137:22)
    at async ingestMovieCast (/Users/demirhorzum/ActorRating/actor-rating/src/lib/movie-ingestion.ts:240:19)
    at async main (/Users/demirhorzum/ActorRating/actor-rating/scripts/ingest-all-movies-cast.ts:62:22) {
  code: 'ERR_BAD_REQUEST',
  config: {
    transitional: {
      silentJSONParsing: true,
      forcedJSONParsing: true,
      clarifyTimeoutError: false
    },
    adapter: [ 'xhr', 'http', 'fetch' ],
    transformRequest: [ [Function: transformRequest] ],
    transformResponse: [ [Function: transformResponse] ],
    timeout: 30000,
    xsrfCookieName: 'XSRF-TOKEN',
    xsrfHeaderName: 'X-XSRF-TOKEN',
    maxContentLength: -1,
    maxBodyLength: -1,
    env: { FormData: [Function [FormData]], Blob: [class Blob] },
    validateStatus: [Function: validateStatus],
    headers: Object [AxiosHeaders] {
      Accept: 'application/json, text/plain, */*',
      'Content-Type': undefined,
      'User-Agent': 'axios/1.12.2',
      'Accept-Encoding': 'gzip, compress, deflate, br'
    },
    method: 'get',
    url: 'https://api.themoviedb.org/3/movie/1552481/credits?api_key=17ed80067ca246fc9ea1be7975b73017&language=en-US',
    allowAbsoluteUrls: true,
    data: undefined
  },
  request: <ref *1> ClientRequest {
    _events: [Object: null prototype] {
      abort: [Function (anonymous)],
      aborted: [Function (anonymous)],
      connect: [Function (anonymous)],
      error: [Function (anonymous)],
      socket: [Function (anonymous)],
      timeout: [Function (anonymous)],
      finish: [Function: requestOnFinish]
    },
    _eventsCount: 7,
    _maxListeners: undefined,
    outputData: [],
    outputSize: 0,
    writable: true,
    destroyed: true,
    _last: true,
    chunkedEncoding: false,
    shouldKeepAlive: true,
    maxRequestsOnConnectionReached: false,
    _defaultKeepAlive: true,
    useChunkedEncodingByDefault: false,
    sendDate: false,
    _removedConnection: false,
    _removedContLen: false,
    _removedTE: false,
    strictContentLength: false,
    _contentLength: 0,
    _hasBody: true,
    _trailer: '',
    finished: true,
    _headerSent: true,
    _closed: true,
    _header: 'GET /3/movie/1552481/credits?api_key=17ed80067ca246fc9ea1be7975b73017&language=en-US HTTP/1.1\r\n' +
      'Accept: application/json, text/plain, */*\r\n' +
      'User-Agent: axios/1.12.2\r\n' +
      'Accept-Encoding: gzip, compress, deflate, br\r\n' +
      'Host: api.themoviedb.org\r\n' +
      'Connection: keep-alive\r\n' +
      '\r\n',
    _keepAliveTimeout: 0,
    _onPendingData: [Function: nop],
    agent: Agent {
      _events: [Object: null prototype],
      _eventsCount: 2,
      _maxListeners: undefined,
      defaultPort: 443,
      protocol: 'https:',
      options: [Object: null prototype],
      requests: [Object: null prototype] {},
      sockets: [Object: null prototype] {},
      freeSockets: [Object: null prototype],
      keepAliveMsecs: 1000,
      keepAlive: true,
      maxSockets: Infinity,
      maxFreeSockets: 256,
      scheduling: 'lifo',
      maxTotalSockets: Infinity,
      totalSocketCount: 1,
      maxCachedSessions: 100,
      _sessionCache: [Object],
      [Symbol(shapeMode)]: false,
      [Symbol(kCapture)]: false
    },
    socketPath: undefined,
    method: 'GET',
    maxHeaderSize: undefined,
    insecureHTTPParser: undefined,
    joinDuplicateHeaders: undefined,
    path: '/3/movie/1552481/credits?api_key=17ed80067ca246fc9ea1be7975b73017&language=en-US',
    _ended: true,
    res: IncomingMessage {
      _events: [Object],
      _readableState: [ReadableState],
      _maxListeners: undefined,
      socket: null,
      httpVersionMajor: 1,
      httpVersionMinor: 1,
      httpVersion: '1.1',
      complete: true,
      rawHeaders: [Array],
      rawTrailers: [],
      joinDuplicateHeaders: undefined,
      aborted: false,
      upgrade: false,
      url: '',
      method: null,
      statusCode: 404,
      statusMessage: 'Not Found',
      client: [TLSSocket],
      _consuming: true,
      _dumped: false,
      req: [Circular *1],
      _eventsCount: 4,
      responseUrl: 'https://api.themoviedb.org/3/movie/1552481/credits?api_key=17ed80067ca246fc9ea1be7975b73017&language=en-US',
      redirects: [],
      [Symbol(shapeMode)]: true,
      [Symbol(kCapture)]: false,
      [Symbol(kHeaders)]: [Object],
      [Symbol(kHeadersCount)]: 30,
      [Symbol(kTrailers)]: null,
      [Symbol(kTrailersCount)]: 0
    },
    aborted: false,
    timeoutCb: null,
    upgradeOrConnect: false,
    parser: null,
    maxHeadersCount: null,
    reusedSocket: true,
    host: 'api.themoviedb.org',
    protocol: 'https:',
    _redirectable: Writable {
      _events: [Object],
      _writableState: [WritableState],
      _maxListeners: undefined,
      _options: [Object],
      _ended: true,
      _ending: true,
      _redirectCount: 0,
      _redirects: [],
      _requestBodyLength: 0,
      _requestBodyBuffers: [],
      _eventsCount: 3,
      _onNativeResponse: [Function (anonymous)],
      _currentRequest: [Circular *1],
      _currentUrl: 'https://api.themoviedb.org/3/movie/1552481/credits?api_key=17ed80067ca246fc9ea1be7975b73017&language=en-US',
      _timeout: null,
      [Symbol(shapeMode)]: true,
      [Symbol(kCapture)]: false
    },
    [Symbol(shapeMode)]: false,
    [Symbol(kCapture)]: false,
    [Symbol(kBytesWritten)]: 0,
    [Symbol(kNeedDrain)]: false,
    [Symbol(corked)]: 0,
    [Symbol(kChunkedBuffer)]: [],
    [Symbol(kChunkedLength)]: 0,
    [Symbol(kSocket)]: TLSSocket {
      _tlsOptions: [Object],
      _secureEstablished: true,
      _securePending: false,
      _newSessionPending: false,
      _controlReleased: true,
      secureConnecting: false,
      _SNICallback: null,
      servername: 'api.themoviedb.org',
      alpnProtocol: false,
      authorized: true,
      authorizationError: null,
      encrypted: true,
      _events: [Object: null prototype],
      _eventsCount: 9,
      connecting: false,
      _hadError: false,
      _parent: null,
      _host: 'api.themoviedb.org',
      _closeAfterHandlingError: false,
      _readableState: [ReadableState],
      _writableState: [WritableState],
      allowHalfOpen: false,
      _maxListeners: undefined,
      _sockname: null,
      _pendingData: null,
      _pendingEncoding: '',
      server: undefined,
      _server: null,
      ssl: [TLSWrap],
      _requestCert: true,
      _rejectUnauthorized: true,
      timeout: 5000,
      parser: null,
      _httpMessage: null,
      autoSelectFamilyAttemptedAddresses: [Array],
      [Symbol(alpncallback)]: null,
      [Symbol(res)]: [TLSWrap],
      [Symbol(verified)]: true,
      [Symbol(pendingSession)]: null,
      [Symbol(async_id_symbol)]: -1,
      [Symbol(kHandle)]: [TLSWrap],
      [Symbol(lastWriteQueueSize)]: 0,
      [Symbol(timeout)]: Timeout {
        _idleTimeout: 5000,
        _idlePrev: [TimersList],
        _idleNext: [TimersList],
        _idleStart: 14273,
        _onTimeout: [Function: bound ],
        _timerArgs: undefined,
        _repeat: null,
        _destroyed: false,
        [Symbol(refed)]: false,
        [Symbol(kHasPrimitive)]: false,
        [Symbol(asyncId)]: 1476,
        [Symbol(triggerId)]: 1474,
        [Symbol(kAsyncContextFrame)]: undefined
      },
      [Symbol(kBuffer)]: null,
      [Symbol(kBufferCb)]: null,
      [Symbol(kBufferGen)]: null,
      [Symbol(shapeMode)]: true,
      [Symbol(kCapture)]: false,
      [Symbol(kSetNoDelay)]: false,
      [Symbol(kSetKeepAlive)]: true,
      [Symbol(kSetKeepAliveInitialDelay)]: 1,
      [Symbol(kBytesRead)]: 0,
      [Symbol(kBytesWritten)]: 0,
      [Symbol(connect-options)]: [Object]
    },
    [Symbol(kOutHeaders)]: [Object: null prototype] {
      accept: [Array],
      'user-agent': [Array],
      'accept-encoding': [Array],
      host: [Array]
    },
    [Symbol(errored)]: null,
    [Symbol(kHighWaterMark)]: 65536,
    [Symbol(kRejectNonStandardBodyWrites)]: false,
    [Symbol(kUniqueHeaders)]: null
  },
  response: {
    status: 404,
    statusText: 'Not Found',
    headers: Object [AxiosHeaders] {
      'content-type': 'application/json;charset=utf-8',
      'transfer-encoding': 'chunked',
      connection: 'keep-alive',
      date: 'Sat, 07 Feb 2026 03:42:29 GMT',
      server: 'openresty',
      'x-az': 'us-east-1c',
      'x-task-id': '3eff4ff361d2494cb5849ad74745b335',
      vary: 'accept-encoding, Origin',
      'x-cache': 'Error from cloudfront',
      via: '1.1 451dbf0c4b9432494b69933368eb09a8.cloudfront.net (CloudFront)',
      'x-amz-cf-pop': 'FRA56-P13',
      'alt-svc': 'h3=":443"; ma=86400',
      'x-amz-cf-id': 'OSorJmVfoZtEtsbk1jfg_THAc652XXjhT0CWbEwQkjTQ6M9NVjYCjw=='
    },
    config: {
      transitional: [Object],
      adapter: [Array],
      transformRequest: [Array],
      transformResponse: [Array],
      timeout: 30000,
      xsrfCookieName: 'XSRF-TOKEN',
      xsrfHeaderName: 'X-XSRF-TOKEN',
      maxContentLength: -1,
      maxBodyLength: -1,
      env: [Object],
      validateStatus: [Function: validateStatus],
      headers: [Object [AxiosHeaders]],
      method: 'get',
      url: 'https://api.themoviedb.org/3/movie/1552481/credits?api_key=17ed80067ca246fc9ea1be7975b73017&language=en-US',
      allowAbsoluteUrls: true,
      data: undefined
    },
    request: <ref *1> ClientRequest {
      _events: [Object: null prototype],
      _eventsCount: 7,
      _maxListeners: undefined,
      outputData: [],
      outputSize: 0,
      writable: true,
      destroyed: true,
      _last: true,
      chunkedEncoding: false,
      shouldKeepAlive: true,
      maxRequestsOnConnectionReached: false,
      _defaultKeepAlive: true,
      useChunkedEncodingByDefault: false,
      sendDate: false,
      _removedConnection: false,
      _removedContLen: false,
      _removedTE: false,
      strictContentLength: false,
      _contentLength: 0,
      _hasBody: true,
      _trailer: '',
      finished: true,
      _headerSent: true,
      _closed: true,
      _header: 'GET /3/movie/1552481/credits?api_key=17ed80067ca246fc9ea1be7975b73017&language=en-US HTTP/1.1\r\n' +
        'Accept: application/json, text/plain, */*\r\n' +
        'User-Agent: axios/1.12.2\r\n' +
        'Accept-Encoding: gzip, compress, deflate, br\r\n' +
        'Host: api.themoviedb.org\r\n' +
        'Connection: keep-alive\r\n' +
        '\r\n',
      _keepAliveTimeout: 0,
      _onPendingData: [Function: nop],
      agent: [Agent],
      socketPath: undefined,
      method: 'GET',
      maxHeaderSize: undefined,
      insecureHTTPParser: undefined,
      joinDuplicateHeaders: undefined,
      path: '/3/movie/1552481/credits?api_key=17ed80067ca246fc9ea1be7975b73017&language=en-US',
      _ended: true,
      res: [IncomingMessage],
      aborted: false,
      timeoutCb: null,
      upgradeOrConnect: false,
      parser: null,
      maxHeadersCount: null,
      reusedSocket: true,
      host: 'api.themoviedb.org',
      protocol: 'https:',
      _redirectable: [Writable],
      [Symbol(shapeMode)]: false,
      [Symbol(kCapture)]: false,
      [Symbol(kBytesWritten)]: 0,
      [Symbol(kNeedDrain)]: false,
      [Symbol(corked)]: 0,
      [Symbol(kChunkedBuffer)]: [],
      [Symbol(kChunkedLength)]: 0,
      [Symbol(kSocket)]: [TLSSocket],
      [Symbol(kOutHeaders)]: [Object: null prototype],
      [Symbol(errored)]: null,
      [Symbol(kHighWaterMark)]: 65536,
      [Symbol(kRejectNonStandardBodyWrites)]: false,
      [Symbol(kUniqueHeaders)]: null
    },
    data: {
      success: false,
      status_code: 34,
      status_message: 'The resource you requested could not be found.'
    }
  },
  status: 404
}
[47/19151] Miami Vice ‘The Prodigal Son’ (1987): Failed to fetch movie credits
Error fetching movie credits for ingestion: AxiosError: Request failed with status code 404
    at settle (/Users/demirhorzum/ActorRating/actor-rating/node_modules/axios/lib/core/settle.js:19:12)
    at Unzip.handleStreamEnd (/Users/demirhorzum/ActorRating/actor-rating/node_modules/axios/lib/adapters/http.js:617:11)
    at Unzip.emit (node:events:519:35)
    at endReadableNT (node:internal/streams/readable:1696:12)
    at process.processTicksAndRejections (node:internal/process/task_queues:90:21)
    at Axios.request (/Users/demirhorzum/ActorRating/actor-rating/node_modules/axios/lib/core/Axios.js:45:41)
    at process.processTicksAndRejections (node:internal/process/task_queues:105:5)
    at async getMovieCreditsForIngestion (/Users/demirhorzum/ActorRating/actor-rating/src/lib/tmdb.ts:137:22)
    at async ingestMovieCast (/Users/demirhorzum/ActorRating/actor-rating/src/lib/movie-ingestion.ts:240:19)
    at async main (/Users/demirhorzum/ActorRating/actor-rating/scripts/ingest-all-movies-cast.ts:62:22) {
  code: 'ERR_BAD_REQUEST',
  config: {
    transitional: {
      silentJSONParsing: true,
      forcedJSONParsing: true,
      clarifyTimeoutError: false
    },
    adapter: [ 'xhr', 'http', 'fetch' ],
    transformRequest: [ [Function: transformRequest] ],
    transformResponse: [ [Function: transformResponse] ],
    timeout: 30000,
    xsrfCookieName: 'XSRF-TOKEN',
    xsrfHeaderName: 'X-XSRF-TOKEN',
    maxContentLength: -1,
    maxBodyLength: -1,
    env: { FormData: [Function [FormData]], Blob: [class Blob] },
    validateStatus: [Function: validateStatus],
    headers: Object [AxiosHeaders] {
      Accept: 'application/json, text/plain, */*',
      'Content-Type': undefined,
      'User-Agent': 'axios/1.12.2',
      'Accept-Encoding': 'gzip, compress, deflate, br'
    },
    method: 'get',
    url: 'https://api.themoviedb.org/3/movie/1553902/credits?api_key=17ed80067ca246fc9ea1be7975b73017&language=en-US',
    allowAbsoluteUrls: true,
    data: undefined
  },
  request: <ref *1> ClientRequest {
    _events: [Object: null prototype] {
      abort: [Function (anonymous)],
      aborted: [Function (anonymous)],
      connect: [Function (anonymous)],
      error: [Function (anonymous)],
      socket: [Function (anonymous)],
      timeout: [Function (anonymous)],
      finish: [Function: requestOnFinish]
    },
    _eventsCount: 7,
    _maxListeners: undefined,
    outputData: [],
    outputSize: 0,
    writable: true,
    destroyed: true,
    _last: true,
    chunkedEncoding: false,
    shouldKeepAlive: true,
    maxRequestsOnConnectionReached: false,
    _defaultKeepAlive: true,
    useChunkedEncodingByDefault: false,
    sendDate: false,
    _removedConnection: false,
    _removedContLen: false,
    _removedTE: false,
    strictContentLength: false,
    _contentLength: 0,
    _hasBody: true,
    _trailer: '',
    finished: true,
    _headerSent: true,
    _closed: true,
    _header: 'GET /3/movie/1553902/credits?api_key=17ed80067ca246fc9ea1be7975b73017&language=en-US HTTP/1.1\r\n' +
      'Accept: application/json, text/plain, */*\r\n' +
      'User-Agent: axios/1.12.2\r\n' +
      'Accept-Encoding: gzip, compress, deflate, br\r\n' +
      'Host: api.themoviedb.org\r\n' +
      'Connection: keep-alive\r\n' +
      '\r\n',
    _keepAliveTimeout: 0,
    _onPendingData: [Function: nop],
    agent: Agent {
      _events: [Object: null prototype],
      _eventsCount: 2,
      _maxListeners: undefined,
      defaultPort: 443,
      protocol: 'https:',
      options: [Object: null prototype],
      requests: [Object: null prototype] {},
      sockets: [Object: null prototype] {},
      freeSockets: [Object: null prototype],
      keepAliveMsecs: 1000,
      keepAlive: true,
      maxSockets: Infinity,
      maxFreeSockets: 256,
      scheduling: 'lifo',
      maxTotalSockets: Infinity,
      totalSocketCount: 1,
      maxCachedSessions: 100,
      _sessionCache: [Object],
      [Symbol(shapeMode)]: false,
      [Symbol(kCapture)]: false
    },
    socketPath: undefined,
    method: 'GET',
    maxHeaderSize: undefined,
    insecureHTTPParser: undefined,
    joinDuplicateHeaders: undefined,
    path: '/3/movie/1553902/credits?api_key=17ed80067ca246fc9ea1be7975b73017&language=en-US',
    _ended: true,
    res: IncomingMessage {
      _events: [Object],
      _readableState: [ReadableState],
      _maxListeners: undefined,
      socket: null,
      httpVersionMajor: 1,
      httpVersionMinor: 1,
      httpVersion: '1.1',
      complete: true,
      rawHeaders: [Array],
      rawTrailers: [],
      joinDuplicateHeaders: undefined,
      aborted: false,
      upgrade: false,
      url: '',
      method: null,
      statusCode: 404,
      statusMessage: 'Not Found',
      client: [TLSSocket],
      _consuming: true,
      _dumped: false,
      req: [Circular *1],
      _eventsCount: 4,
      responseUrl: 'https://api.themoviedb.org/3/movie/1553902/credits?api_key=17ed80067ca246fc9ea1be7975b73017&language=en-US',
      redirects: [],
      [Symbol(shapeMode)]: true,
      [Symbol(kCapture)]: false,
      [Symbol(kHeaders)]: [Object],
      [Symbol(kHeadersCount)]: 30,
      [Symbol(kTrailers)]: null,
      [Symbol(kTrailersCount)]: 0
    },
    aborted: false,
    timeoutCb: null,
    upgradeOrConnect: false,
    parser: null,
    maxHeadersCount: null,
    reusedSocket: true,
    host: 'api.themoviedb.org',
    protocol: 'https:',
    _redirectable: Writable {
      _events: [Object],
      _writableState: [WritableState],
      _maxListeners: undefined,
      _options: [Object],
      _ended: true,
      _ending: true,
      _redirectCount: 0,
      _redirects: [],
      _requestBodyLength: 0,
      _requestBodyBuffers: [],
      _eventsCount: 3,
      _onNativeResponse: [Function (anonymous)],
      _currentRequest: [Circular *1],
      _currentUrl: 'https://api.themoviedb.org/3/movie/1553902/credits?api_key=17ed80067ca246fc9ea1be7975b73017&language=en-US',
      _timeout: null,
      [Symbol(shapeMode)]: true,
      [Symbol(kCapture)]: false
    },
    [Symbol(shapeMode)]: false,
    [Symbol(kCapture)]: false,
    [Symbol(kBytesWritten)]: 0,
    [Symbol(kNeedDrain)]: false,
    [Symbol(corked)]: 0,
    [Symbol(kChunkedBuffer)]: [],
    [Symbol(kChunkedLength)]: 0,
    [Symbol(kSocket)]: TLSSocket {
      _tlsOptions: [Object],
      _secureEstablished: true,
      _securePending: false,
      _newSessionPending: false,
      _controlReleased: true,
      secureConnecting: false,
      _SNICallback: null,
      servername: 'api.themoviedb.org',
      alpnProtocol: false,
      authorized: true,
      authorizationError: null,
      encrypted: true,
      _events: [Object: null prototype],
      _eventsCount: 9,
      connecting: false,
      _hadError: false,
      _parent: null,
      _host: 'api.themoviedb.org',
      _closeAfterHandlingError: false,
      _readableState: [ReadableState],
      _writableState: [WritableState],
      allowHalfOpen: false,
      _maxListeners: undefined,
      _sockname: null,
      _pendingData: null,
      _pendingEncoding: '',
      server: undefined,
      _server: null,
      ssl: [TLSWrap],
      _requestCert: true,
      _rejectUnauthorized: true,
      timeout: 5000,
      parser: null,
      _httpMessage: null,
      autoSelectFamilyAttemptedAddresses: [Array],
      [Symbol(alpncallback)]: null,
      [Symbol(res)]: [TLSWrap],
      [Symbol(verified)]: true,
      [Symbol(pendingSession)]: null,
      [Symbol(async_id_symbol)]: -1,
      [Symbol(kHandle)]: [TLSWrap],
      [Symbol(lastWriteQueueSize)]: 0,
      [Symbol(timeout)]: Timeout {
        _idleTimeout: 5000,
        _idlePrev: [TimersList],
        _idleNext: [TimersList],
        _idleStart: 14799,
        _onTimeout: [Function: bound ],
        _timerArgs: undefined,
        _repeat: null,
        _destroyed: false,
        [Symbol(refed)]: false,
        [Symbol(kHasPrimitive)]: false,
        [Symbol(asyncId)]: 1529,
        [Symbol(triggerId)]: 1527,
        [Symbol(kAsyncContextFrame)]: undefined
      },
      [Symbol(kBuffer)]: null,
      [Symbol(kBufferCb)]: null,
      [Symbol(kBufferGen)]: null,
      [Symbol(shapeMode)]: true,
      [Symbol(kCapture)]: false,
      [Symbol(kSetNoDelay)]: false,
      [Symbol(kSetKeepAlive)]: true,
      [Symbol(kSetKeepAliveInitialDelay)]: 1,
      [Symbol(kBytesRead)]: 0,
      [Symbol(kBytesWritten)]: 0,
      [Symbol(connect-options)]: [Object]
    },
    [Symbol(kOutHeaders)]: [Object: null prototype] {
      accept: [Array],
      'user-agent': [Array],
      'accept-encoding': [Array],
      host: [Array]
    },
    [Symbol(errored)]: null,
    [Symbol(kHighWaterMark)]: 65536,
    [Symbol(kRejectNonStandardBodyWrites)]: false,
    [Symbol(kUniqueHeaders)]: null
  },
  response: {
    status: 404,
    statusText: 'Not Found',
    headers: Object [AxiosHeaders] {
      'content-type': 'application/json;charset=utf-8',
      'transfer-encoding': 'chunked',
      connection: 'keep-alive',
      date: 'Sat, 07 Feb 2026 03:42:29 GMT',
      server: 'openresty',
      'x-az': 'us-east-1a',
      'x-task-id': '53c51e73b8c1457892ff8380fef948b6',
      vary: 'accept-encoding, Origin',
      'x-cache': 'Error from cloudfront',
      via: '1.1 451dbf0c4b9432494b69933368eb09a8.cloudfront.net (CloudFront)',
      'x-amz-cf-pop': 'FRA56-P13',
      'alt-svc': 'h3=":443"; ma=86400',
      'x-amz-cf-id': 'iIAiwRBVJYohxmPcdlfn1bacdpakVADUd_SbxqoRtZRJVZo9OOke6A=='
    },
    config: {
      transitional: [Object],
      adapter: [Array],
      transformRequest: [Array],
      transformResponse: [Array],
      timeout: 30000,
      xsrfCookieName: 'XSRF-TOKEN',
      xsrfHeaderName: 'X-XSRF-TOKEN',
      maxContentLength: -1,
      maxBodyLength: -1,
      env: [Object],
      validateStatus: [Function: validateStatus],
      headers: [Object [AxiosHeaders]],
      method: 'get',
      url: 'https://api.themoviedb.org/3/movie/1553902/credits?api_key=17ed80067ca246fc9ea1be7975b73017&language=en-US',
      allowAbsoluteUrls: true,
      data: undefined
    },
    request: <ref *1> ClientRequest {
      _events: [Object: null prototype],
      _eventsCount: 7,
      _maxListeners: undefined,
      outputData: [],
      outputSize: 0,
      writable: true,
      destroyed: true,
      _last: true,
      chunkedEncoding: false,
      shouldKeepAlive: true,
      maxRequestsOnConnectionReached: false,
      _defaultKeepAlive: true,
      useChunkedEncodingByDefault: false,
      sendDate: false,
      _removedConnection: false,
      _removedContLen: false,
      _removedTE: false,
      strictContentLength: false,
      _contentLength: 0,
      _hasBody: true,
      _trailer: '',
      finished: true,
      _headerSent: true,
      _closed: true,
      _header: 'GET /3/movie/1553902/credits?api_key=17ed80067ca246fc9ea1be7975b73017&language=en-US HTTP/1.1\r\n' +
        'Accept: application/json, text/plain, */*\r\n' +
        'User-Agent: axios/1.12.2\r\n' +
        'Accept-Encoding: gzip, compress, deflate, br\r\n' +
        'Host: api.themoviedb.org\r\n' +
        'Connection: keep-alive\r\n' +
        '\r\n',
      _keepAliveTimeout: 0,
      _onPendingData: [Function: nop],
      agent: [Agent],
      socketPath: undefined,
      method: 'GET',
      maxHeaderSize: undefined,
      insecureHTTPParser: undefined,
      joinDuplicateHeaders: undefined,
      path: '/3/movie/1553902/credits?api_key=17ed80067ca246fc9ea1be7975b73017&language=en-US',
      _ended: true,
      res: [IncomingMessage],
      aborted: false,
      timeoutCb: null,
      upgradeOrConnect: false,
      parser: null,
      maxHeadersCount: null,
      reusedSocket: true,
      host: 'api.themoviedb.org',
      protocol: 'https:',
      _redirectable: [Writable],
      [Symbol(shapeMode)]: false,
      [Symbol(kCapture)]: false,
      [Symbol(kBytesWritten)]: 0,
      [Symbol(kNeedDrain)]: false,
      [Symbol(corked)]: 0,
      [Symbol(kChunkedBuffer)]: [],
      [Symbol(kChunkedLength)]: 0,
      [Symbol(kSocket)]: [TLSSocket],
      [Symbol(kOutHeaders)]: [Object: null prototype],
      [Symbol(errored)]: null,
      [Symbol(kHighWaterMark)]: 65536,
      [Symbol(kRejectNonStandardBodyWrites)]: false,
      [Symbol(kUniqueHeaders)]: null
    },
    data: {
      success: false,
      status_code: 34,
      status_message: 'The resource you requested could not be found.'
    }
  },
  status: 404
}
[49/19151] Life Lessons (1989): Failed to fetch movie credits
Error fetching movie credits for ingestion: AxiosError: Request failed with status code 404
    at settle (/Users/demirhorzum/ActorRating/actor-rating/node_modules/axios/lib/core/settle.js:19:12)
    at Unzip.handleStreamEnd (/Users/demirhorzum/ActorRating/actor-rating/node_modules/axios/lib/adapters/http.js:617:11)
    at Unzip.emit (node:events:519:35)
    at endReadableNT (node:internal/streams/readable:1696:12)
    at process.processTicksAndRejections (node:internal/process/task_queues:90:21)
    at Axios.request (/Users/demirhorzum/ActorRating/actor-rating/node_modules/axios/lib/core/Axios.js:45:41)
    at process.processTicksAndRejections (node:internal/process/task_queues:105:5)
    at async getMovieCreditsForIngestion (/Users/demirhorzum/ActorRating/actor-rating/src/lib/tmdb.ts:137:22)
    at async ingestMovieCast (/Users/demirhorzum/ActorRating/actor-rating/src/lib/movie-ingestion.ts:240:19)
    at async main (/Users/demirhorzum/ActorRating/actor-rating/scripts/ingest-all-movies-cast.ts:62:22) {
  code: 'ERR_BAD_REQUEST',
  config: {
    transitional: {
      silentJSONParsing: true,
      forcedJSONParsing: true,
      clarifyTimeoutError: false
    },
    adapter: [ 'xhr', 'http', 'fetch' ],
    transformRequest: [ [Function: transformRequest] ],
    transformResponse: [ [Function: transformResponse] ],
    timeout: 30000,
    xsrfCookieName: 'XSRF-TOKEN',
    xsrfHeaderName: 'X-XSRF-TOKEN',
    maxContentLength: -1,
    maxBodyLength: -1,
    env: { FormData: [Function [FormData]], Blob: [class Blob] },
    validateStatus: [Function: validateStatus],
    headers: Object [AxiosHeaders] {
      Accept: 'application/json, text/plain, */*',
      'Content-Type': undefined,
      'User-Agent': 'axios/1.12.2',
      'Accept-Encoding': 'gzip, compress, deflate, br'
    },
    method: 'get',
    url: 'https://api.themoviedb.org/3/movie/1263583/credits?api_key=17ed80067ca246fc9ea1be7975b73017&language=en-US',
    allowAbsoluteUrls: true,
    data: undefined
  },
  request: <ref *1> ClientRequest {
    _events: [Object: null prototype] {
      abort: [Function (anonymous)],
      aborted: [Function (anonymous)],
      connect: [Function (anonymous)],
      error: [Function (anonymous)],
      socket: [Function (anonymous)],
      timeout: [Function (anonymous)],
      finish: [Function: requestOnFinish]
    },
    _eventsCount: 7,
    _maxListeners: undefined,
    outputData: [],
    outputSize: 0,
    writable: true,
    destroyed: true,
    _last: true,
    chunkedEncoding: false,
    shouldKeepAlive: true,
    maxRequestsOnConnectionReached: false,
    _defaultKeepAlive: true,
    useChunkedEncodingByDefault: false,
    sendDate: false,
    _removedConnection: false,
    _removedContLen: false,
    _removedTE: false,
    strictContentLength: false,
    _contentLength: 0,
    _hasBody: true,
    _trailer: '',
    finished: true,
    _headerSent: true,
    _closed: true,
    _header: 'GET /3/movie/1263583/credits?api_key=17ed80067ca246fc9ea1be7975b73017&language=en-US HTTP/1.1\r\n' +
      'Accept: application/json, text/plain, */*\r\n' +
      'User-Agent: axios/1.12.2\r\n' +
      'Accept-Encoding: gzip, compress, deflate, br\r\n' +
      'Host: api.themoviedb.org\r\n' +
      'Connection: keep-alive\r\n' +
      '\r\n',
    _keepAliveTimeout: 0,
    _onPendingData: [Function: nop],
    agent: Agent {
      _events: [Object: null prototype],
      _eventsCount: 2,
      _maxListeners: undefined,
      defaultPort: 443,
      protocol: 'https:',
      options: [Object: null prototype],
      requests: [Object: null prototype] {},
      sockets: [Object: null prototype] {},
      freeSockets: [Object: null prototype],
      keepAliveMsecs: 1000,
      keepAlive: true,
      maxSockets: Infinity,
      maxFreeSockets: 256,
      scheduling: 'lifo',
      maxTotalSockets: Infinity,
      totalSocketCount: 1,
      maxCachedSessions: 100,
      _sessionCache: [Object],
      [Symbol(shapeMode)]: false,
      [Symbol(kCapture)]: false
    },
    socketPath: undefined,
    method: 'GET',
    maxHeaderSize: undefined,
    insecureHTTPParser: undefined,
    joinDuplicateHeaders: undefined,
    path: '/3/movie/1263583/credits?api_key=17ed80067ca246fc9ea1be7975b73017&language=en-US',
    _ended: true,
    res: IncomingMessage {
      _events: [Object],
      _readableState: [ReadableState],
      _maxListeners: undefined,
      socket: null,
      httpVersionMajor: 1,
      httpVersionMinor: 1,
      httpVersion: '1.1',
      complete: true,
      rawHeaders: [Array],
      rawTrailers: [],
      joinDuplicateHeaders: undefined,
      aborted: false,
      upgrade: false,
      url: '',
      method: null,
      statusCode: 404,
      statusMessage: 'Not Found',
      client: [TLSSocket],
      _consuming: true,
      _dumped: false,
      req: [Circular *1],
      _eventsCount: 4,
      responseUrl: 'https://api.themoviedb.org/3/movie/1263583/credits?api_key=17ed80067ca246fc9ea1be7975b73017&language=en-US',
      redirects: [],
      [Symbol(shapeMode)]: true,
      [Symbol(kCapture)]: false,
      [Symbol(kHeaders)]: [Object],
      [Symbol(kHeadersCount)]: 30,
      [Symbol(kTrailers)]: null,
      [Symbol(kTrailersCount)]: 0
    },
    aborted: false,
    timeoutCb: null,
    upgradeOrConnect: false,
    parser: null,
    maxHeadersCount: null,
    reusedSocket: true,
    host: 'api.themoviedb.org',
    protocol: 'https:',
    _redirectable: Writable {
      _events: [Object],
      _writableState: [WritableState],
      _maxListeners: undefined,
      _options: [Object],
      _ended: true,
      _ending: true,
      _redirectCount: 0,
      _redirects: [],
      _requestBodyLength: 0,
      _requestBodyBuffers: [],
      _eventsCount: 3,
      _onNativeResponse: [Function (anonymous)],
      _currentRequest: [Circular *1],
      _currentUrl: 'https://api.themoviedb.org/3/movie/1263583/credits?api_key=17ed80067ca246fc9ea1be7975b73017&language=en-US',
      _timeout: null,
      [Symbol(shapeMode)]: true,
      [Symbol(kCapture)]: false
    },
    [Symbol(shapeMode)]: false,
    [Symbol(kCapture)]: false,
    [Symbol(kBytesWritten)]: 0,
    [Symbol(kNeedDrain)]: false,
    [Symbol(corked)]: 0,
    [Symbol(kChunkedBuffer)]: [],
    [Symbol(kChunkedLength)]: 0,
    [Symbol(kSocket)]: TLSSocket {
      _tlsOptions: [Object],
      _secureEstablished: true,
      _securePending: false,
      _newSessionPending: false,
      _controlReleased: true,
      secureConnecting: false,
      _SNICallback: null,
      servername: 'api.themoviedb.org',
      alpnProtocol: false,
      authorized: true,
      authorizationError: null,
      encrypted: true,
      _events: [Object: null prototype],
      _eventsCount: 9,
      connecting: false,
      _hadError: false,
      _parent: null,
      _host: 'api.themoviedb.org',
      _closeAfterHandlingError: false,
      _readableState: [ReadableState],
      _writableState: [WritableState],
      allowHalfOpen: false,
      _maxListeners: undefined,
      _sockname: null,
      _pendingData: null,
      _pendingEncoding: '',
      server: undefined,
      _server: null,
      ssl: [TLSWrap],
      _requestCert: true,
      _rejectUnauthorized: true,
      timeout: 5000,
      parser: null,
      _httpMessage: null,
      autoSelectFamilyAttemptedAddresses: [Array],
      [Symbol(alpncallback)]: null,
      [Symbol(res)]: [TLSWrap],
      [Symbol(verified)]: true,
      [Symbol(pendingSession)]: null,
      [Symbol(async_id_symbol)]: -1,
      [Symbol(kHandle)]: [TLSWrap],
      [Symbol(lastWriteQueueSize)]: 0,
      [Symbol(timeout)]: Timeout {
        _idleTimeout: 5000,
        _idlePrev: [TimersList],
        _idleNext: [TimersList],
        _idleStart: 15413,
        _onTimeout: [Function: bound ],
        _timerArgs: undefined,
        _repeat: null,
        _destroyed: false,
        [Symbol(refed)]: false,
        [Symbol(kHasPrimitive)]: false,
        [Symbol(asyncId)]: 1614,
        [Symbol(triggerId)]: 1612,
        [Symbol(kAsyncContextFrame)]: undefined
      },
      [Symbol(kBuffer)]: null,
      [Symbol(kBufferCb)]: null,
      [Symbol(kBufferGen)]: null,
      [Symbol(shapeMode)]: true,
      [Symbol(kCapture)]: false,
      [Symbol(kSetNoDelay)]: false,
      [Symbol(kSetKeepAlive)]: true,
      [Symbol(kSetKeepAliveInitialDelay)]: 1,
      [Symbol(kBytesRead)]: 0,
      [Symbol(kBytesWritten)]: 0,
      [Symbol(connect-options)]: [Object]
    },
    [Symbol(kOutHeaders)]: [Object: null prototype] {
      accept: [Array],
      'user-agent': [Array],
      'accept-encoding': [Array],
      host: [Array]
    },
    [Symbol(errored)]: null,
    [Symbol(kHighWaterMark)]: 65536,
    [Symbol(kRejectNonStandardBodyWrites)]: false,
    [Symbol(kUniqueHeaders)]: null
  },
  response: {
    status: 404,
    statusText: 'Not Found',
    headers: Object [AxiosHeaders] {
      'content-type': 'application/json;charset=utf-8',
      'transfer-encoding': 'chunked',
      connection: 'keep-alive',
      date: 'Sat, 07 Feb 2026 03:42:30 GMT',
      server: 'openresty',
      'x-az': 'us-east-1c',
      'x-task-id': 'f40f3f80537d431d8e1d1153f3beb36d',
      vary: 'accept-encoding, Origin',
      'x-cache': 'Error from cloudfront',
      via: '1.1 451dbf0c4b9432494b69933368eb09a8.cloudfront.net (CloudFront)',
      'x-amz-cf-pop': 'FRA56-P13',
      'alt-svc': 'h3=":443"; ma=86400',
      'x-amz-cf-id': '7MeiQ_-ZkkhF0ri0cXQerTAuV5cl2klGFjurT_zBO_iPhyT9CHLlAw=='
    },
    config: {
      transitional: [Object],
      adapter: [Array],
      transformRequest: [Array],
      transformResponse: [Array],
      timeout: 30000,
      xsrfCookieName: 'XSRF-TOKEN',
      xsrfHeaderName: 'X-XSRF-TOKEN',
      maxContentLength: -1,
      maxBodyLength: -1,
      env: [Object],
      validateStatus: [Function: validateStatus],
      headers: [Object [AxiosHeaders]],
      method: 'get',
      url: 'https://api.themoviedb.org/3/movie/1263583/credits?api_key=17ed80067ca246fc9ea1be7975b73017&language=en-US',
      allowAbsoluteUrls: true,
      data: undefined
    },
    request: <ref *1> ClientRequest {
      _events: [Object: null prototype],
      _eventsCount: 7,
      _maxListeners: undefined,
      outputData: [],
      outputSize: 0,
      writable: true,
      destroyed: true,
      _last: true,
      chunkedEncoding: false,
      shouldKeepAlive: true,
      maxRequestsOnConnectionReached: false,
      _defaultKeepAlive: true,
      useChunkedEncodingByDefault: false,
      sendDate: false,
      _removedConnection: false,
      _removedContLen: false,
      _removedTE: false,
      strictContentLength: false,
      _contentLength: 0,
      _hasBody: true,
      _trailer: '',
      finished: true,
      _headerSent: true,
      _closed: true,
      _header: 'GET /3/movie/1263583/credits?api_key=17ed80067ca246fc9ea1be7975b73017&language=en-US HTTP/1.1\r\n' +
        'Accept: application/json, text/plain, */*\r\n' +
        'User-Agent: axios/1.12.2\r\n' +
        'Accept-Encoding: gzip, compress, deflate, br\r\n' +
        'Host: api.themoviedb.org\r\n' +
        'Connection: keep-alive\r\n' +
        '\r\n',
      _keepAliveTimeout: 0,
      _onPendingData: [Function: nop],
      agent: [Agent],
      socketPath: undefined,
      method: 'GET',
      maxHeaderSize: undefined,
      insecureHTTPParser: undefined,
      joinDuplicateHeaders: undefined,
      path: '/3/movie/1263583/credits?api_key=17ed80067ca246fc9ea1be7975b73017&language=en-US',
      _ended: true,
      res: [IncomingMessage],
      aborted: false,
      timeoutCb: null,
      upgradeOrConnect: false,
      parser: null,
      maxHeadersCount: null,
      reusedSocket: true,
      host: 'api.themoviedb.org',
      protocol: 'https:',
      _redirectable: [Writable],
      [Symbol(shapeMode)]: false,
      [Symbol(kCapture)]: false,
      [Symbol(kBytesWritten)]: 0,
      [Symbol(kNeedDrain)]: false,
      [Symbol(corked)]: 0,
      [Symbol(kChunkedBuffer)]: [],
      [Symbol(kChunkedLength)]: 0,
      [Symbol(kSocket)]: [TLSSocket],
      [Symbol(kOutHeaders)]: [Object: null prototype],
      [Symbol(errored)]: null,
      [Symbol(kHighWaterMark)]: 65536,
      [Symbol(kRejectNonStandardBodyWrites)]: false,
      [Symbol(kUniqueHeaders)]: null
    },
    data: {
      success: false,
      status_code: 34,
      status_message: 'The resource you requested could not be found.'
    }
  },
  status: 404
}
[52/19151] Into The Great Wide Open (1991): Failed to fetch movie credits
Error fetching movie credits for ingestion: AxiosError: Request failed with status code 404
    at settle (/Users/demirhorzum/ActorRating/actor-rating/node_modules/axios/lib/core/settle.js:19:12)
    at Unzip.handleStreamEnd (/Users/demirhorzum/ActorRating/actor-rating/node_modules/axios/lib/adapters/http.js:617:11)
    at Unzip.emit (node:events:519:35)
    at endReadableNT (node:internal/streams/readable:1696:12)
    at process.processTicksAndRejections (node:internal/process/task_queues:90:21)
    at Axios.request (/Users/demirhorzum/ActorRating/actor-rating/node_modules/axios/lib/core/Axios.js:45:41)
    at process.processTicksAndRejections (node:internal/process/task_queues:105:5)
    at async getMovieCreditsForIngestion (/Users/demirhorzum/ActorRating/actor-rating/src/lib/tmdb.ts:137:22)
    at async ingestMovieCast (/Users/demirhorzum/ActorRating/actor-rating/src/lib/movie-ingestion.ts:240:19)
    at async main (/Users/demirhorzum/ActorRating/actor-rating/scripts/ingest-all-movies-cast.ts:62:22) {
  code: 'ERR_BAD_REQUEST',
  config: {
    transitional: {
      silentJSONParsing: true,
      forcedJSONParsing: true,
      clarifyTimeoutError: false
    },
    adapter: [ 'xhr', 'http', 'fetch' ],
    transformRequest: [ [Function: transformRequest] ],
    transformResponse: [ [Function: transformResponse] ],
    timeout: 30000,
    xsrfCookieName: 'XSRF-TOKEN',
    xsrfHeaderName: 'X-XSRF-TOKEN',
    maxContentLength: -1,
    maxBodyLength: -1,
    env: { FormData: [Function [FormData]], Blob: [class Blob] },
    validateStatus: [Function: validateStatus],
    headers: Object [AxiosHeaders] {
      Accept: 'application/json, text/plain, */*',
      'Content-Type': undefined,
      'User-Agent': 'axios/1.12.2',
      'Accept-Encoding': 'gzip, compress, deflate, br'
    },
    method: 'get',
    url: 'https://api.themoviedb.org/3/movie/470228/credits?api_key=17ed80067ca246fc9ea1be7975b73017&language=en-US',
    allowAbsoluteUrls: true,
    data: undefined
  },
  request: <ref *1> ClientRequest {
    _events: [Object: null prototype] {
      abort: [Function (anonymous)],
      aborted: [Function (anonymous)],
      connect: [Function (anonymous)],
      error: [Function (anonymous)],
      socket: [Function (anonymous)],
      timeout: [Function (anonymous)],
      finish: [Function: requestOnFinish]
    },
    _eventsCount: 7,
    _maxListeners: undefined,
    outputData: [],
    outputSize: 0,
    writable: true,
    destroyed: true,
    _last: true,
    chunkedEncoding: false,
    shouldKeepAlive: true,
    maxRequestsOnConnectionReached: false,
    _defaultKeepAlive: true,
    useChunkedEncodingByDefault: false,
    sendDate: false,
    _removedConnection: false,
    _removedContLen: false,
    _removedTE: false,
    strictContentLength: false,
    _contentLength: 0,
    _hasBody: true,
    _trailer: '',
    finished: true,
    _headerSent: true,
    _closed: true,
    _header: 'GET /3/movie/470228/credits?api_key=17ed80067ca246fc9ea1be7975b73017&language=en-US HTTP/1.1\r\n' +
      'Accept: application/json, text/plain, */*\r\n' +
      'User-Agent: axios/1.12.2\r\n' +
      'Accept-Encoding: gzip, compress, deflate, br\r\n' +
      'Host: api.themoviedb.org\r\n' +
      'Connection: keep-alive\r\n' +
      '\r\n',
    _keepAliveTimeout: 0,
    _onPendingData: [Function: nop],
    agent: Agent {
      _events: [Object: null prototype],
      _eventsCount: 2,
      _maxListeners: undefined,
      defaultPort: 443,
      protocol: 'https:',
      options: [Object: null prototype],
      requests: [Object: null prototype] {},
      sockets: [Object: null prototype] {},
      freeSockets: [Object: null prototype],
      keepAliveMsecs: 1000,
      keepAlive: true,
      maxSockets: Infinity,
      maxFreeSockets: 256,
      scheduling: 'lifo',
      maxTotalSockets: Infinity,
      totalSocketCount: 1,
      maxCachedSessions: 100,
      _sessionCache: [Object],
      [Symbol(shapeMode)]: false,
      [Symbol(kCapture)]: false
    },
    socketPath: undefined,
    method: 'GET',
    maxHeaderSize: undefined,
    insecureHTTPParser: undefined,
    joinDuplicateHeaders: undefined,
    path: '/3/movie/470228/credits?api_key=17ed80067ca246fc9ea1be7975b73017&language=en-US',
    _ended: true,
    res: IncomingMessage {
      _events: [Object],
      _readableState: [ReadableState],
      _maxListeners: undefined,
      socket: null,
      httpVersionMajor: 1,
      httpVersionMinor: 1,
      httpVersion: '1.1',
      complete: true,
      rawHeaders: [Array],
      rawTrailers: [],
      joinDuplicateHeaders: undefined,
      aborted: false,
      upgrade: false,
      url: '',
      method: null,
      statusCode: 404,
      statusMessage: 'Not Found',
      client: [TLSSocket],
      _consuming: true,
      _dumped: false,
      req: [Circular *1],
      _eventsCount: 4,
      responseUrl: 'https://api.themoviedb.org/3/movie/470228/credits?api_key=17ed80067ca246fc9ea1be7975b73017&language=en-US',
      redirects: [],
      [Symbol(shapeMode)]: true,
      [Symbol(kCapture)]: false,
      [Symbol(kHeaders)]: [Object],
      [Symbol(kHeadersCount)]: 30,
      [Symbol(kTrailers)]: null,
      [Symbol(kTrailersCount)]: 0
    },
    aborted: false,
    timeoutCb: null,
    upgradeOrConnect: false,
    parser: null,
    maxHeadersCount: null,
    reusedSocket: true,
    host: 'api.themoviedb.org',
    protocol: 'https:',
    _redirectable: Writable {
      _events: [Object],
      _writableState: [WritableState],
      _maxListeners: undefined,
      _options: [Object],
      _ended: true,
      _ending: true,
      _redirectCount: 0,
      _redirects: [],
      _requestBodyLength: 0,
      _requestBodyBuffers: [],
      _eventsCount: 3,
      _onNativeResponse: [Function (anonymous)],
      _currentRequest: [Circular *1],
      _currentUrl: 'https://api.themoviedb.org/3/movie/470228/credits?api_key=17ed80067ca246fc9ea1be7975b73017&language=en-US',
      _timeout: null,
      [Symbol(shapeMode)]: true,
      [Symbol(kCapture)]: false
    },
    [Symbol(shapeMode)]: false,
    [Symbol(kCapture)]: false,
    [Symbol(kBytesWritten)]: 0,
    [Symbol(kNeedDrain)]: false,
    [Symbol(corked)]: 0,
    [Symbol(kChunkedBuffer)]: [],
    [Symbol(kChunkedLength)]: 0,
    [Symbol(kSocket)]: TLSSocket {
      _tlsOptions: [Object],
      _secureEstablished: true,
      _securePending: false,
      _newSessionPending: false,
      _controlReleased: true,
      secureConnecting: false,
      _SNICallback: null,
      servername: 'api.themoviedb.org',
      alpnProtocol: false,
      authorized: true,
      authorizationError: null,
      encrypted: true,
      _events: [Object: null prototype],
      _eventsCount: 9,
      connecting: false,
      _hadError: false,
      _parent: null,
      _host: 'api.themoviedb.org',
      _closeAfterHandlingError: false,
      _readableState: [ReadableState],
      _writableState: [WritableState],
      allowHalfOpen: false,
      _maxListeners: undefined,
      _sockname: null,
      _pendingData: null,
      _pendingEncoding: '',
      server: undefined,
      _server: null,
      ssl: [TLSWrap],
      _requestCert: true,
      _rejectUnauthorized: true,
      timeout: 5000,
      parser: null,
      _httpMessage: null,
      autoSelectFamilyAttemptedAddresses: [Array],
      [Symbol(alpncallback)]: null,
      [Symbol(res)]: [TLSWrap],
      [Symbol(verified)]: true,
      [Symbol(pendingSession)]: null,
      [Symbol(async_id_symbol)]: -1,
      [Symbol(kHandle)]: [TLSWrap],
      [Symbol(lastWriteQueueSize)]: 0,
      [Symbol(timeout)]: Timeout {
        _idleTimeout: 5000,
        _idlePrev: [TimersList],
        _idleNext: [TimersList],
        _idleStart: 15621,
        _onTimeout: [Function: bound ],
        _timerArgs: undefined,
        _repeat: null,
        _destroyed: false,
        [Symbol(refed)]: false,
        [Symbol(kHasPrimitive)]: false,
        [Symbol(asyncId)]: 1640,
        [Symbol(triggerId)]: 1638,
        [Symbol(kAsyncContextFrame)]: undefined
      },
      [Symbol(kBuffer)]: null,
      [Symbol(kBufferCb)]: null,
      [Symbol(kBufferGen)]: null,
      [Symbol(shapeMode)]: true,
      [Symbol(kCapture)]: false,
      [Symbol(kSetNoDelay)]: false,
      [Symbol(kSetKeepAlive)]: true,
      [Symbol(kSetKeepAliveInitialDelay)]: 1,
      [Symbol(kBytesRead)]: 0,
      [Symbol(kBytesWritten)]: 0,
      [Symbol(connect-options)]: [Object]
    },
    [Symbol(kOutHeaders)]: [Object: null prototype] {
      accept: [Array],
      'user-agent': [Array],
      'accept-encoding': [Array],
      host: [Array]
    },
    [Symbol(errored)]: null,
    [Symbol(kHighWaterMark)]: 65536,
    [Symbol(kRejectNonStandardBodyWrites)]: false,
    [Symbol(kUniqueHeaders)]: null
  },
  response: {
    status: 404,
    statusText: 'Not Found',
    headers: Object [AxiosHeaders] {
      'content-type': 'application/json;charset=utf-8',
      'transfer-encoding': 'chunked',
      connection: 'keep-alive',
      date: 'Sat, 07 Feb 2026 03:42:30 GMT',
      server: 'openresty',
      'x-az': 'us-east-1b',
      'x-task-id': '1d65f7bfbdb1413eb691d324d3682476',
      vary: 'accept-encoding, Origin',
      'x-cache': 'Error from cloudfront',
      via: '1.1 451dbf0c4b9432494b69933368eb09a8.cloudfront.net (CloudFront)',
      'x-amz-cf-pop': 'FRA56-P13',
      'alt-svc': 'h3=":443"; ma=86400',
      'x-amz-cf-id': 'RHAugMGxXLGpVicS91XfWR0T5Ow-ja5hmG38rKVRZp9UqjRpLaReRw=='
    },
    config: {
      transitional: [Object],
      adapter: [Array],
      transformRequest: [Array],
      transformResponse: [Array],
      timeout: 30000,
      xsrfCookieName: 'XSRF-TOKEN',
      xsrfHeaderName: 'X-XSRF-TOKEN',
      maxContentLength: -1,
      maxBodyLength: -1,
      env: [Object],
      validateStatus: [Function: validateStatus],
      headers: [Object [AxiosHeaders]],
      method: 'get',
      url: 'https://api.themoviedb.org/3/movie/470228/credits?api_key=17ed80067ca246fc9ea1be7975b73017&language=en-US',
      allowAbsoluteUrls: true,
      data: undefined
    },
    request: <ref *1> ClientRequest {
      _events: [Object: null prototype],
      _eventsCount: 7,
      _maxListeners: undefined,
      outputData: [],
      outputSize: 0,
      writable: true,
      destroyed: true,
      _last: true,
      chunkedEncoding: false,
      shouldKeepAlive: true,
      maxRequestsOnConnectionReached: false,
      _defaultKeepAlive: true,
      useChunkedEncodingByDefault: false,
      sendDate: false,
      _removedConnection: false,
      _removedContLen: false,
      _removedTE: false,
      strictContentLength: false,
      _contentLength: 0,
      _hasBody: true,
      _trailer: '',
      finished: true,
      _headerSent: true,
      _closed: true,
      _header: 'GET /3/movie/470228/credits?api_key=17ed80067ca246fc9ea1be7975b73017&language=en-US HTTP/1.1\r\n' +
        'Accept: application/json, text/plain, */*\r\n' +
        'User-Agent: axios/1.12.2\r\n' +
        'Accept-Encoding: gzip, compress, deflate, br\r\n' +
        'Host: api.themoviedb.org\r\n' +
        'Connection: keep-alive\r\n' +
        '\r\n',
      _keepAliveTimeout: 0,
      _onPendingData: [Function: nop],
      agent: [Agent],
      socketPath: undefined,
      method: 'GET',
      maxHeaderSize: undefined,
      insecureHTTPParser: undefined,
      joinDuplicateHeaders: undefined,
      path: '/3/movie/470228/credits?api_key=17ed80067ca246fc9ea1be7975b73017&language=en-US',
      _ended: true,
      res: [IncomingMessage],
      aborted: false,
      timeoutCb: null,
      upgradeOrConnect: false,
      parser: null,
      maxHeadersCount: null,
      reusedSocket: true,
      host: 'api.themoviedb.org',
      protocol: 'https:',
      _redirectable: [Writable],
      [Symbol(shapeMode)]: false,
      [Symbol(kCapture)]: false,
      [Symbol(kBytesWritten)]: 0,
      [Symbol(kNeedDrain)]: false,
      [Symbol(corked)]: 0,
      [Symbol(kChunkedBuffer)]: [],
      [Symbol(kChunkedLength)]: 0,
      [Symbol(kSocket)]: [TLSSocket],
      [Symbol(kOutHeaders)]: [Object: null prototype],
      [Symbol(errored)]: null,
      [Symbol(kHighWaterMark)]: 65536,
      [Symbol(kRejectNonStandardBodyWrites)]: false,
      [Symbol(kUniqueHeaders)]: null
    },
    data: {
      success: false,
      status_code: 34,
      status_message: 'The resource you requested could not be found.'
    }
  },
  status: 404
}
[53/19151] The South Bank Show: Noël Coward (1992): Failed to fetch movie credits
Error fetching movie credits for ingestion: AxiosError: Request failed with status code 404
    at settle (/Users/demirhorzum/ActorRating/actor-rating/node_modules/axios/lib/core/settle.js:19:12)
    at Unzip.handleStreamEnd (/Users/demirhorzum/ActorRating/actor-rating/node_modules/axios/lib/adapters/http.js:617:11)
    at Unzip.emit (node:events:519:35)
    at endReadableNT (node:internal/streams/readable:1696:12)
    at process.processTicksAndRejections (node:internal/process/task_queues:90:21)
    at Axios.request (/Users/demirhorzum/ActorRating/actor-rating/node_modules/axios/lib/core/Axios.js:45:41)
    at process.processTicksAndRejections (node:internal/process/task_queues:105:5)
    at async getMovieCreditsForIngestion (/Users/demirhorzum/ActorRating/actor-rating/src/lib/tmdb.ts:137:22)
    at async ingestMovieCast (/Users/demirhorzum/ActorRating/actor-rating/src/lib/movie-ingestion.ts:240:19)
    at async main (/Users/demirhorzum/ActorRating/actor-rating/scripts/ingest-all-movies-cast.ts:62:22) {
  code: 'ERR_BAD_REQUEST',
  config: {
    transitional: {
      silentJSONParsing: true,
      forcedJSONParsing: true,
      clarifyTimeoutError: false
    },
    adapter: [ 'xhr', 'http', 'fetch' ],
    transformRequest: [ [Function: transformRequest] ],
    transformResponse: [ [Function: transformResponse] ],
    timeout: 30000,
    xsrfCookieName: 'XSRF-TOKEN',
    xsrfHeaderName: 'X-XSRF-TOKEN',
    maxContentLength: -1,
    maxBodyLength: -1,
    env: { FormData: [Function [FormData]], Blob: [class Blob] },
    validateStatus: [Function: validateStatus],
    headers: Object [AxiosHeaders] {
      Accept: 'application/json, text/plain, */*',
      'Content-Type': undefined,
      'User-Agent': 'axios/1.12.2',
      'Accept-Encoding': 'gzip, compress, deflate, br'
    },
    method: 'get',
    url: 'https://api.themoviedb.org/3/movie/263952/credits?api_key=17ed80067ca246fc9ea1be7975b73017&language=en-US',
    allowAbsoluteUrls: true,
    data: undefined
  },
  request: <ref *1> ClientRequest {
    _events: [Object: null prototype] {
      abort: [Function (anonymous)],
      aborted: [Function (anonymous)],
      connect: [Function (anonymous)],
      error: [Function (anonymous)],
      socket: [Function (anonymous)],
      timeout: [Function (anonymous)],
      finish: [Function: requestOnFinish]
    },
    _eventsCount: 7,
    _maxListeners: undefined,
    outputData: [],
    outputSize: 0,
    writable: true,
    destroyed: true,
    _last: true,
    chunkedEncoding: false,
    shouldKeepAlive: true,
    maxRequestsOnConnectionReached: false,
    _defaultKeepAlive: true,
    useChunkedEncodingByDefault: false,
    sendDate: false,
    _removedConnection: false,
    _removedContLen: false,
    _removedTE: false,
    strictContentLength: false,
    _contentLength: 0,
    _hasBody: true,
    _trailer: '',
    finished: true,
    _headerSent: true,
    _closed: true,
    _header: 'GET /3/movie/263952/credits?api_key=17ed80067ca246fc9ea1be7975b73017&language=en-US HTTP/1.1\r\n' +
      'Accept: application/json, text/plain, */*\r\n' +
      'User-Agent: axios/1.12.2\r\n' +
      'Accept-Encoding: gzip, compress, deflate, br\r\n' +
      'Host: api.themoviedb.org\r\n' +
      'Connection: keep-alive\r\n' +
      '\r\n',
    _keepAliveTimeout: 0,
    _onPendingData: [Function: nop],
    agent: Agent {
      _events: [Object: null prototype],
      _eventsCount: 2,
      _maxListeners: undefined,
      defaultPort: 443,
      protocol: 'https:',
      options: [Object: null prototype],
      requests: [Object: null prototype] {},
      sockets: [Object: null prototype] {},
      freeSockets: [Object: null prototype],
      keepAliveMsecs: 1000,
      keepAlive: true,
      maxSockets: Infinity,
      maxFreeSockets: 256,
      scheduling: 'lifo',
      maxTotalSockets: Infinity,
      totalSocketCount: 1,
      maxCachedSessions: 100,
      _sessionCache: [Object],
      [Symbol(shapeMode)]: false,
      [Symbol(kCapture)]: false
    },
    socketPath: undefined,
    method: 'GET',
    maxHeaderSize: undefined,
    insecureHTTPParser: undefined,
    joinDuplicateHeaders: undefined,
    path: '/3/movie/263952/credits?api_key=17ed80067ca246fc9ea1be7975b73017&language=en-US',
    _ended: true,
    res: IncomingMessage {
      _events: [Object],
      _readableState: [ReadableState],
      _maxListeners: undefined,
      socket: null,
      httpVersionMajor: 1,
      httpVersionMinor: 1,
      httpVersion: '1.1',
      complete: true,
      rawHeaders: [Array],
      rawTrailers: [],
      joinDuplicateHeaders: undefined,
      aborted: false,
      upgrade: false,
      url: '',
      method: null,
      statusCode: 404,
      statusMessage: 'Not Found',
      client: [TLSSocket],
      _consuming: true,
      _dumped: false,
      req: [Circular *1],
      _eventsCount: 4,
      responseUrl: 'https://api.themoviedb.org/3/movie/263952/credits?api_key=17ed80067ca246fc9ea1be7975b73017&language=en-US',
      redirects: [],
      [Symbol(shapeMode)]: true,
      [Symbol(kCapture)]: false,
      [Symbol(kHeaders)]: [Object],
      [Symbol(kHeadersCount)]: 30,
      [Symbol(kTrailers)]: null,
      [Symbol(kTrailersCount)]: 0
    },
    aborted: false,
    timeoutCb: null,
    upgradeOrConnect: false,
    parser: null,
    maxHeadersCount: null,
    reusedSocket: true,
    host: 'api.themoviedb.org',
    protocol: 'https:',
    _redirectable: Writable {
      _events: [Object],
      _writableState: [WritableState],
      _maxListeners: undefined,
      _options: [Object],
      _ended: true,
      _ending: true,
      _redirectCount: 0,
      _redirects: [],
      _requestBodyLength: 0,
      _requestBodyBuffers: [],
      _eventsCount: 3,
      _onNativeResponse: [Function (anonymous)],
      _currentRequest: [Circular *1],
      _currentUrl: 'https://api.themoviedb.org/3/movie/263952/credits?api_key=17ed80067ca246fc9ea1be7975b73017&language=en-US',
      _timeout: null,
      [Symbol(shapeMode)]: true,
      [Symbol(kCapture)]: false
    },
    [Symbol(shapeMode)]: false,
    [Symbol(kCapture)]: false,
    [Symbol(kBytesWritten)]: 0,
    [Symbol(kNeedDrain)]: false,
    [Symbol(corked)]: 0,
    [Symbol(kChunkedBuffer)]: [],
    [Symbol(kChunkedLength)]: 0,
    [Symbol(kSocket)]: TLSSocket {
      _tlsOptions: [Object],
      _secureEstablished: true,
      _securePending: false,
      _newSessionPending: false,
      _controlReleased: true,
      secureConnecting: false,
      _SNICallback: null,
      servername: 'api.themoviedb.org',
      alpnProtocol: false,
      authorized: true,
      authorizationError: null,
      encrypted: true,
      _events: [Object: null prototype],
      _eventsCount: 9,
      connecting: false,
      _hadError: false,
      _parent: null,
      _host: 'api.themoviedb.org',
      _closeAfterHandlingError: false,
      _readableState: [ReadableState],
      _writableState: [WritableState],
      allowHalfOpen: false,
      _maxListeners: undefined,
      _sockname: null,
      _pendingData: null,
      _pendingEncoding: '',
      server: undefined,
      _server: null,
      ssl: [TLSWrap],
      _requestCert: true,
      _rejectUnauthorized: true,
      timeout: 5000,
      parser: null,
      _httpMessage: null,
      autoSelectFamilyAttemptedAddresses: [Array],
      [Symbol(alpncallback)]: null,
      [Symbol(res)]: [TLSWrap],
      [Symbol(verified)]: true,
      [Symbol(pendingSession)]: null,
      [Symbol(async_id_symbol)]: -1,
      [Symbol(kHandle)]: [TLSWrap],
      [Symbol(lastWriteQueueSize)]: 0,
      [Symbol(timeout)]: Timeout {
        _idleTimeout: 5000,
        _idlePrev: [TimersList],
        _idleNext: [TimersList],
        _idleStart: 16988,
        _onTimeout: [Function: bound ],
        _timerArgs: undefined,
        _repeat: null,
        _destroyed: false,
        [Symbol(refed)]: false,
        [Symbol(kHasPrimitive)]: false,
        [Symbol(asyncId)]: 1810,
        [Symbol(triggerId)]: 1808,
        [Symbol(kAsyncContextFrame)]: undefined
      },
      [Symbol(kBuffer)]: null,
      [Symbol(kBufferCb)]: null,
      [Symbol(kBufferGen)]: null,
      [Symbol(shapeMode)]: true,
      [Symbol(kCapture)]: false,
      [Symbol(kSetNoDelay)]: false,
      [Symbol(kSetKeepAlive)]: true,
      [Symbol(kSetKeepAliveInitialDelay)]: 1,
      [Symbol(kBytesRead)]: 0,
      [Symbol(kBytesWritten)]: 0,
      [Symbol(connect-options)]: [Object]
    },
    [Symbol(kOutHeaders)]: [Object: null prototype] {
      accept: [Array],
      'user-agent': [Array],
      'accept-encoding': [Array],
      host: [Array]
    },
    [Symbol(errored)]: null,
    [Symbol(kHighWaterMark)]: 65536,
    [Symbol(kRejectNonStandardBodyWrites)]: false,
    [Symbol(kUniqueHeaders)]: null
  },
  response: {
    status: 404,
    statusText: 'Not Found',
    headers: Object [AxiosHeaders] {
      'content-type': 'application/json;charset=utf-8',
      'transfer-encoding': 'chunked',
      connection: 'keep-alive',
      date: 'Sat, 07 Feb 2026 03:42:32 GMT',
      server: 'openresty',
      'x-az': 'us-east-1c',
      'x-task-id': 'f40f3f80537d431d8e1d1153f3beb36d',
      vary: 'accept-encoding, Origin',
      'x-cache': 'Error from cloudfront',
      via: '1.1 451dbf0c4b9432494b69933368eb09a8.cloudfront.net (CloudFront)',
      'x-amz-cf-pop': 'FRA56-P13',
      'alt-svc': 'h3=":443"; ma=86400',
      'x-amz-cf-id': 'toxj_TxfEtHoNJx5Dlksq_efmLRuVugLbZFl6ndtK00Y0obS3DRJtA=='
    },
    config: {
      transitional: [Object],
      adapter: [Array],
      transformRequest: [Array],
      transformResponse: [Array],
      timeout: 30000,
      xsrfCookieName: 'XSRF-TOKEN',
      xsrfHeaderName: 'X-XSRF-TOKEN',
      maxContentLength: -1,
      maxBodyLength: -1,
      env: [Object],
      validateStatus: [Function: validateStatus],
      headers: [Object [AxiosHeaders]],
      method: 'get',
      url: 'https://api.themoviedb.org/3/movie/263952/credits?api_key=17ed80067ca246fc9ea1be7975b73017&language=en-US',
      allowAbsoluteUrls: true,
      data: undefined
    },
    request: <ref *1> ClientRequest {
      _events: [Object: null prototype],
      _eventsCount: 7,
      _maxListeners: undefined,
      outputData: [],
      outputSize: 0,
      writable: true,
      destroyed: true,
      _last: true,
      chunkedEncoding: false,
      shouldKeepAlive: true,
      maxRequestsOnConnectionReached: false,
      _defaultKeepAlive: true,
      useChunkedEncodingByDefault: false,
      sendDate: false,
      _removedConnection: false,
      _removedContLen: false,
      _removedTE: false,
      strictContentLength: false,
      _contentLength: 0,
      _hasBody: true,
      _trailer: '',
      finished: true,
      _headerSent: true,
      _closed: true,
      _header: 'GET /3/movie/263952/credits?api_key=17ed80067ca246fc9ea1be7975b73017&language=en-US HTTP/1.1\r\n' +
        'Accept: application/json, text/plain, */*\r\n' +
        'User-Agent: axios/1.12.2\r\n' +
        'Accept-Encoding: gzip, compress, deflate, br\r\n' +
        'Host: api.themoviedb.org\r\n' +
        'Connection: keep-alive\r\n' +
        '\r\n',
      _keepAliveTimeout: 0,
      _onPendingData: [Function: nop],
      agent: [Agent],
      socketPath: undefined,
      method: 'GET',
      maxHeaderSize: undefined,
      insecureHTTPParser: undefined,
      joinDuplicateHeaders: undefined,
      path: '/3/movie/263952/credits?api_key=17ed80067ca246fc9ea1be7975b73017&language=en-US',
      _ended: true,
      res: [IncomingMessage],
      aborted: false,
      timeoutCb: null,
      upgradeOrConnect: false,
      parser: null,
      maxHeadersCount: null,
      reusedSocket: true,
      host: 'api.themoviedb.org',
      protocol: 'https:',
      _redirectable: [Writable],
      [Symbol(shapeMode)]: false,
      [Symbol(kCapture)]: false,
      [Symbol(kBytesWritten)]: 0,
      [Symbol(kNeedDrain)]: false,
      [Symbol(corked)]: 0,
      [Symbol(kChunkedBuffer)]: [],
      [Symbol(kChunkedLength)]: 0,
      [Symbol(kSocket)]: [TLSSocket],
      [Symbol(kOutHeaders)]: [Object: null prototype],
      [Symbol(errored)]: null,
      [Symbol(kHighWaterMark)]: 65536,
      [Symbol(kRejectNonStandardBodyWrites)]: false,
      [Symbol(kUniqueHeaders)]: null
    },
    data: {
      success: false,
      status_code: 34,
      status_message: 'The resource you requested could not be found.'
    }
  },
  status: 404
}
[59/19151] Family Pictures (1993): Failed to fetch movie credits
Error fetching movie credits for ingestion: AxiosError: Request failed with status code 404
    at settle (/Users/demirhorzum/ActorRating/actor-rating/node_modules/axios/lib/core/settle.js:19:12)
    at Unzip.handleStreamEnd (/Users/demirhorzum/ActorRating/actor-rating/node_modules/axios/lib/adapters/http.js:617:11)
    at Unzip.emit (node:events:519:35)
    at endReadableNT (node:internal/streams/readable:1696:12)
    at process.processTicksAndRejections (node:internal/process/task_queues:90:21)
    at Axios.request (/Users/demirhorzum/ActorRating/actor-rating/node_modules/axios/lib/core/Axios.js:45:41)
    at process.processTicksAndRejections (node:internal/process/task_queues:105:5)
    at async getMovieCreditsForIngestion (/Users/demirhorzum/ActorRating/actor-rating/src/lib/tmdb.ts:137:22)
    at async ingestMovieCast (/Users/demirhorzum/ActorRating/actor-rating/src/lib/movie-ingestion.ts:240:19)
    at async main (/Users/demirhorzum/ActorRating/actor-rating/scripts/ingest-all-movies-cast.ts:62:22) {
  code: 'ERR_BAD_REQUEST',
  config: {
    transitional: {
      silentJSONParsing: true,
      forcedJSONParsing: true,
      clarifyTimeoutError: false
    },
    adapter: [ 'xhr', 'http', 'fetch' ],
    transformRequest: [ [Function: transformRequest] ],
    transformResponse: [ [Function: transformResponse] ],
    timeout: 30000,
    xsrfCookieName: 'XSRF-TOKEN',
    xsrfHeaderName: 'X-XSRF-TOKEN',
    maxContentLength: -1,
    maxBodyLength: -1,
    env: { FormData: [Function [FormData]], Blob: [class Blob] },
    validateStatus: [Function: validateStatus],
    headers: Object [AxiosHeaders] {
      Accept: 'application/json, text/plain, */*',
      'Content-Type': undefined,
      'User-Agent': 'axios/1.12.2',
      'Accept-Encoding': 'gzip, compress, deflate, br'
    },
    method: 'get',
    url: 'https://api.themoviedb.org/3/movie/1551157/credits?api_key=17ed80067ca246fc9ea1be7975b73017&language=en-US',
    allowAbsoluteUrls: true,
    data: undefined
  },
  request: <ref *1> ClientRequest {
    _events: [Object: null prototype] {
      abort: [Function (anonymous)],
      aborted: [Function (anonymous)],
      connect: [Function (anonymous)],
      error: [Function (anonymous)],
      socket: [Function (anonymous)],
      timeout: [Function (anonymous)],
      finish: [Function: requestOnFinish]
    },
    _eventsCount: 7,
    _maxListeners: undefined,
    outputData: [],
    outputSize: 0,
    writable: true,
    destroyed: true,
    _last: true,
    chunkedEncoding: false,
    shouldKeepAlive: true,
    maxRequestsOnConnectionReached: false,
    _defaultKeepAlive: true,
    useChunkedEncodingByDefault: false,
    sendDate: false,
    _removedConnection: false,
    _removedContLen: false,
    _removedTE: false,
    strictContentLength: false,
    _contentLength: 0,
    _hasBody: true,
    _trailer: '',
    finished: true,
    _headerSent: true,
    _closed: true,
    _header: 'GET /3/movie/1551157/credits?api_key=17ed80067ca246fc9ea1be7975b73017&language=en-US HTTP/1.1\r\n' +
      'Accept: application/json, text/plain, */*\r\n' +
      'User-Agent: axios/1.12.2\r\n' +
      'Accept-Encoding: gzip, compress, deflate, br\r\n' +
      'Host: api.themoviedb.org\r\n' +
      'Connection: keep-alive\r\n' +
      '\r\n',
    _keepAliveTimeout: 0,
    _onPendingData: [Function: nop],
    agent: Agent {
      _events: [Object: null prototype],
      _eventsCount: 2,
      _maxListeners: undefined,
      defaultPort: 443,
      protocol: 'https:',
      options: [Object: null prototype],
      requests: [Object: null prototype] {},
      sockets: [Object: null prototype] {},
      freeSockets: [Object: null prototype],
      keepAliveMsecs: 1000,
      keepAlive: true,
      maxSockets: Infinity,
      maxFreeSockets: 256,
      scheduling: 'lifo',
      maxTotalSockets: Infinity,
      totalSocketCount: 1,
      maxCachedSessions: 100,
      _sessionCache: [Object],
      [Symbol(shapeMode)]: false,
      [Symbol(kCapture)]: false
    },
    socketPath: undefined,
    method: 'GET',
    maxHeaderSize: undefined,
    insecureHTTPParser: undefined,
    joinDuplicateHeaders: undefined,
    path: '/3/movie/1551157/credits?api_key=17ed80067ca246fc9ea1be7975b73017&language=en-US',
    _ended: true,
    res: IncomingMessage {
      _events: [Object],
      _readableState: [ReadableState],
      _maxListeners: undefined,
      socket: null,
      httpVersionMajor: 1,
      httpVersionMinor: 1,
      httpVersion: '1.1',
      complete: true,
      rawHeaders: [Array],
      rawTrailers: [],
      joinDuplicateHeaders: undefined,
      aborted: false,
      upgrade: false,
      url: '',
      method: null,
      statusCode: 404,
      statusMessage: 'Not Found',
      client: [TLSSocket],
      _consuming: true,
      _dumped: false,
      req: [Circular *1],
      _eventsCount: 4,
      responseUrl: 'https://api.themoviedb.org/3/movie/1551157/credits?api_key=17ed80067ca246fc9ea1be7975b73017&language=en-US',
      redirects: [],
      [Symbol(shapeMode)]: true,
      [Symbol(kCapture)]: false,
      [Symbol(kHeaders)]: [Object],
      [Symbol(kHeadersCount)]: 30,
      [Symbol(kTrailers)]: null,
      [Symbol(kTrailersCount)]: 0
    },
    aborted: false,
    timeoutCb: null,
    upgradeOrConnect: false,
    parser: null,
    maxHeadersCount: null,
    reusedSocket: true,
    host: 'api.themoviedb.org',
    protocol: 'https:',
    _redirectable: Writable {
      _events: [Object],
      _writableState: [WritableState],
      _maxListeners: undefined,
      _options: [Object],
      _ended: true,
      _ending: true,
      _redirectCount: 0,
      _redirects: [],
      _requestBodyLength: 0,
      _requestBodyBuffers: [],
      _eventsCount: 3,
      _onNativeResponse: [Function (anonymous)],
      _currentRequest: [Circular *1],
      _currentUrl: 'https://api.themoviedb.org/3/movie/1551157/credits?api_key=17ed80067ca246fc9ea1be7975b73017&language=en-US',
      _timeout: null,
      [Symbol(shapeMode)]: true,
      [Symbol(kCapture)]: false
    },
    [Symbol(shapeMode)]: false,
    [Symbol(kCapture)]: false,
    [Symbol(kBytesWritten)]: 0,
    [Symbol(kNeedDrain)]: false,
    [Symbol(corked)]: 0,
    [Symbol(kChunkedBuffer)]: [],
    [Symbol(kChunkedLength)]: 0,
    [Symbol(kSocket)]: TLSSocket {
      _tlsOptions: [Object],
      _secureEstablished: true,
      _securePending: false,
      _newSessionPending: false,
      _controlReleased: true,
      secureConnecting: false,
      _SNICallback: null,
      servername: 'api.themoviedb.org',
      alpnProtocol: false,
      authorized: true,
      authorizationError: null,
      encrypted: true,
      _events: [Object: null prototype],
      _eventsCount: 9,
      connecting: false,
      _hadError: false,
      _parent: null,
      _host: 'api.themoviedb.org',
      _closeAfterHandlingError: false,
      _readableState: [ReadableState],
      _writableState: [WritableState],
      allowHalfOpen: false,
      _maxListeners: undefined,
      _sockname: null,
      _pendingData: null,
      _pendingEncoding: '',
      server: undefined,
      _server: null,
      ssl: [TLSWrap],
      _requestCert: true,
      _rejectUnauthorized: true,
      timeout: 5000,
      parser: null,
      _httpMessage: null,
      autoSelectFamilyAttemptedAddresses: [Array],
      [Symbol(alpncallback)]: null,
      [Symbol(res)]: [TLSWrap],
      [Symbol(verified)]: true,
      [Symbol(pendingSession)]: null,
      [Symbol(async_id_symbol)]: -1,
      [Symbol(kHandle)]: [TLSWrap],
      [Symbol(lastWriteQueueSize)]: 0,
      [Symbol(timeout)]: Timeout {
        _idleTimeout: 5000,
        _idlePrev: [TimersList],
        _idleNext: [TimersList],
        _idleStart: 17685,
        _onTimeout: [Function: bound ],
        _timerArgs: undefined,
        _repeat: null,
        _destroyed: false,
        [Symbol(refed)]: false,
        [Symbol(kHasPrimitive)]: false,
        [Symbol(asyncId)]: 1895,
        [Symbol(triggerId)]: 1893,
        [Symbol(kAsyncContextFrame)]: undefined
      },
      [Symbol(kBuffer)]: null,
      [Symbol(kBufferCb)]: null,
      [Symbol(kBufferGen)]: null,
      [Symbol(shapeMode)]: true,
      [Symbol(kCapture)]: false,
      [Symbol(kSetNoDelay)]: false,
      [Symbol(kSetKeepAlive)]: true,
      [Symbol(kSetKeepAliveInitialDelay)]: 1,
      [Symbol(kBytesRead)]: 0,
      [Symbol(kBytesWritten)]: 0,
      [Symbol(connect-options)]: [Object]
    },
    [Symbol(kOutHeaders)]: [Object: null prototype] {
      accept: [Array],
      'user-agent': [Array],
      'accept-encoding': [Array],
      host: [Array]
    },
    [Symbol(errored)]: null,
    [Symbol(kHighWaterMark)]: 65536,
    [Symbol(kRejectNonStandardBodyWrites)]: false,
    [Symbol(kUniqueHeaders)]: null
  },
  response: {
    status: 404,
    statusText: 'Not Found',
    headers: Object [AxiosHeaders] {
      'content-type': 'application/json;charset=utf-8',
      'transfer-encoding': 'chunked',
      connection: 'keep-alive',
      date: 'Sat, 07 Feb 2026 03:42:32 GMT',
      server: 'openresty',
      'x-az': 'us-east-1c',
      'x-task-id': 'f40f3f80537d431d8e1d1153f3beb36d',
      vary: 'accept-encoding, Origin',
      'x-cache': 'Error from cloudfront',
      via: '1.1 451dbf0c4b9432494b69933368eb09a8.cloudfront.net (CloudFront)',
      'x-amz-cf-pop': 'FRA56-P13',
      'alt-svc': 'h3=":443"; ma=86400',
      'x-amz-cf-id': 'XvcX8uP7rqajNPUR1oY1JRzZrTSJ1mvIrQdq4Op9VCeeDUXmPceiuw=='
    },
    config: {
      transitional: [Object],
      adapter: [Array],
      transformRequest: [Array],
      transformResponse: [Array],
      timeout: 30000,
      xsrfCookieName: 'XSRF-TOKEN',
      xsrfHeaderName: 'X-XSRF-TOKEN',
      maxContentLength: -1,
      maxBodyLength: -1,
      env: [Object],
      validateStatus: [Function: validateStatus],
      headers: [Object [AxiosHeaders]],
      method: 'get',
      url: 'https://api.themoviedb.org/3/movie/1551157/credits?api_key=17ed80067ca246fc9ea1be7975b73017&language=en-US',
      allowAbsoluteUrls: true,
      data: undefined
    },
    request: <ref *1> ClientRequest {
      _events: [Object: null prototype],
      _eventsCount: 7,
      _maxListeners: undefined,
      outputData: [],
      outputSize: 0,
      writable: true,
      destroyed: true,
      _last: true,
      chunkedEncoding: false,
      shouldKeepAlive: true,
      maxRequestsOnConnectionReached: false,
      _defaultKeepAlive: true,
      useChunkedEncodingByDefault: false,
      sendDate: false,
      _removedConnection: false,
      _removedContLen: false,
      _removedTE: false,
      strictContentLength: false,
      _contentLength: 0,
      _hasBody: true,
      _trailer: '',
      finished: true,
      _headerSent: true,
      _closed: true,
      _header: 'GET /3/movie/1551157/credits?api_key=17ed80067ca246fc9ea1be7975b73017&language=en-US HTTP/1.1\r\n' +
        'Accept: application/json, text/plain, */*\r\n' +
        'User-Agent: axios/1.12.2\r\n' +
        'Accept-Encoding: gzip, compress, deflate, br\r\n' +
        'Host: api.themoviedb.org\r\n' +
        'Connection: keep-alive\r\n' +
        '\r\n',
      _keepAliveTimeout: 0,
      _onPendingData: [Function: nop],
      agent: [Agent],
      socketPath: undefined,
      method: 'GET',
      maxHeaderSize: undefined,
      insecureHTTPParser: undefined,
      joinDuplicateHeaders: undefined,
      path: '/3/movie/1551157/credits?api_key=17ed80067ca246fc9ea1be7975b73017&language=en-US',
      _ended: true,
      res: [IncomingMessage],
      aborted: false,
      timeoutCb: null,
      upgradeOrConnect: false,
      parser: null,
      maxHeadersCount: null,
      reusedSocket: true,
      host: 'api.themoviedb.org',
      protocol: 'https:',
      _redirectable: [Writable],
      [Symbol(shapeMode)]: false,
      [Symbol(kCapture)]: false,
      [Symbol(kBytesWritten)]: 0,
      [Symbol(kNeedDrain)]: false,
      [Symbol(corked)]: 0,
      [Symbol(kChunkedBuffer)]: [],
      [Symbol(kChunkedLength)]: 0,
      [Symbol(kSocket)]: [TLSSocket],
      [Symbol(kOutHeaders)]: [Object: null prototype],
      [Symbol(errored)]: null,
      [Symbol(kHighWaterMark)]: 65536,
      [Symbol(kRejectNonStandardBodyWrites)]: false,
      [Symbol(kUniqueHeaders)]: null
    },
    data: {
      success: false,
      status_code: 34,
      status_message: 'The resource you requested could not be found.'
    }
  },
  status: 404
}
[62/19151] Bad Girl (1993): Failed to fetch movie credits
Error fetching movie credits for ingestion: AxiosError: Request failed with status code 404
    at settle (/Users/demirhorzum/ActorRating/actor-rating/node_modules/axios/lib/core/settle.js:19:12)
    at Unzip.handleStreamEnd (/Users/demirhorzum/ActorRating/actor-rating/node_modules/axios/lib/adapters/http.js:617:11)
    at Unzip.emit (node:events:519:35)
    at endReadableNT (node:internal/streams/readable:1696:12)
    at process.processTicksAndRejections (node:internal/process/task_queues:90:21)
    at Axios.request (/Users/demirhorzum/ActorRating/actor-rating/node_modules/axios/lib/core/Axios.js:45:41)
    at process.processTicksAndRejections (node:internal/process/task_queues:105:5)
    at async getMovieCreditsForIngestion (/Users/demirhorzum/ActorRating/actor-rating/src/lib/tmdb.ts:137:22)
    at async ingestMovieCast (/Users/demirhorzum/ActorRating/actor-rating/src/lib/movie-ingestion.ts:240:19)
    at async main (/Users/demirhorzum/ActorRating/actor-rating/scripts/ingest-all-movies-cast.ts:62:22) {
  code: 'ERR_BAD_REQUEST',
  config: {
    transitional: {
      silentJSONParsing: true,
      forcedJSONParsing: true,
      clarifyTimeoutError: false
    },
    adapter: [ 'xhr', 'http', 'fetch' ],
    transformRequest: [ [Function: transformRequest] ],
    transformResponse: [ [Function: transformResponse] ],
    timeout: 30000,
    xsrfCookieName: 'XSRF-TOKEN',
    xsrfHeaderName: 'X-XSRF-TOKEN',
    maxContentLength: -1,
    maxBodyLength: -1,
    env: { FormData: [Function [FormData]], Blob: [class Blob] },
    validateStatus: [Function: validateStatus],
    headers: Object [AxiosHeaders] {
      Accept: 'application/json, text/plain, */*',
      'Content-Type': undefined,
      'User-Agent': 'axios/1.12.2',
      'Accept-Encoding': 'gzip, compress, deflate, br'
    },
    method: 'get',
    url: 'https://api.themoviedb.org/3/movie/220594/credits?api_key=17ed80067ca246fc9ea1be7975b73017&language=en-US',
    allowAbsoluteUrls: true,
    data: undefined
  },
  request: <ref *1> ClientRequest {
    _events: [Object: null prototype] {
      abort: [Function (anonymous)],
      aborted: [Function (anonymous)],
      connect: [Function (anonymous)],
      error: [Function (anonymous)],
      socket: [Function (anonymous)],
      timeout: [Function (anonymous)],
      finish: [Function: requestOnFinish]
    },
    _eventsCount: 7,
    _maxListeners: undefined,
    outputData: [],
    outputSize: 0,
    writable: true,
    destroyed: true,
    _last: true,
    chunkedEncoding: false,
    shouldKeepAlive: true,
    maxRequestsOnConnectionReached: false,
    _defaultKeepAlive: true,
    useChunkedEncodingByDefault: false,
    sendDate: false,
    _removedConnection: false,
    _removedContLen: false,
    _removedTE: false,
    strictContentLength: false,
    _contentLength: 0,
    _hasBody: true,
    _trailer: '',
    finished: true,
    _headerSent: true,
    _closed: true,
    _header: 'GET /3/movie/220594/credits?api_key=17ed80067ca246fc9ea1be7975b73017&language=en-US HTTP/1.1\r\n' +
      'Accept: application/json, text/plain, */*\r\n' +
      'User-Agent: axios/1.12.2\r\n' +
      'Accept-Encoding: gzip, compress, deflate, br\r\n' +
      'Host: api.themoviedb.org\r\n' +
      'Connection: keep-alive\r\n' +
      '\r\n',
    _keepAliveTimeout: 0,
    _onPendingData: [Function: nop],
    agent: Agent {
      _events: [Object: null prototype],
      _eventsCount: 2,
      _maxListeners: undefined,
      defaultPort: 443,
      protocol: 'https:',
      options: [Object: null prototype],
      requests: [Object: null prototype] {},
      sockets: [Object: null prototype] {},
      freeSockets: [Object: null prototype],
      keepAliveMsecs: 1000,
      keepAlive: true,
      maxSockets: Infinity,
      maxFreeSockets: 256,
      scheduling: 'lifo',
      maxTotalSockets: Infinity,
      totalSocketCount: 1,
      maxCachedSessions: 100,
      _sessionCache: [Object],
      [Symbol(shapeMode)]: false,
      [Symbol(kCapture)]: false
    },
    socketPath: undefined,
    method: 'GET',
    maxHeaderSize: undefined,
    insecureHTTPParser: undefined,
    joinDuplicateHeaders: undefined,
    path: '/3/movie/220594/credits?api_key=17ed80067ca246fc9ea1be7975b73017&language=en-US',
    _ended: true,
    res: IncomingMessage {
      _events: [Object],
      _readableState: [ReadableState],
      _maxListeners: undefined,
      socket: null,
      httpVersionMajor: 1,
      httpVersionMinor: 1,
      httpVersion: '1.1',
      complete: true,
      rawHeaders: [Array],
      rawTrailers: [],
      joinDuplicateHeaders: undefined,
      aborted: false,
      upgrade: false,
      url: '',
      method: null,
      statusCode: 404,
      statusMessage: 'Not Found',
      client: [TLSSocket],
      _consuming: true,
      _dumped: false,
      req: [Circular *1],
      _eventsCount: 4,
      responseUrl: 'https://api.themoviedb.org/3/movie/220594/credits?api_key=17ed80067ca246fc9ea1be7975b73017&language=en-US',
      redirects: [],
      [Symbol(shapeMode)]: true,
      [Symbol(kCapture)]: false,
      [Symbol(kHeaders)]: [Object],
      [Symbol(kHeadersCount)]: 30,
      [Symbol(kTrailers)]: null,
      [Symbol(kTrailersCount)]: 0
    },
    aborted: false,
    timeoutCb: null,
    upgradeOrConnect: false,
    parser: null,
    maxHeadersCount: null,
    reusedSocket: true,
    host: 'api.themoviedb.org',
    protocol: 'https:',
    _redirectable: Writable {
      _events: [Object],
      _writableState: [WritableState],
      _maxListeners: undefined,
      _options: [Object],
      _ended: true,
      _ending: true,
      _redirectCount: 0,
      _redirects: [],
      _requestBodyLength: 0,
      _requestBodyBuffers: [],
      _eventsCount: 3,
      _onNativeResponse: [Function (anonymous)],
      _currentRequest: [Circular *1],
      _currentUrl: 'https://api.themoviedb.org/3/movie/220594/credits?api_key=17ed80067ca246fc9ea1be7975b73017&language=en-US',
      _timeout: null,
      [Symbol(shapeMode)]: true,
      [Symbol(kCapture)]: false
    },
    [Symbol(shapeMode)]: false,
    [Symbol(kCapture)]: false,
    [Symbol(kBytesWritten)]: 0,
    [Symbol(kNeedDrain)]: false,
    [Symbol(corked)]: 0,
    [Symbol(kChunkedBuffer)]: [],
    [Symbol(kChunkedLength)]: 0,
    [Symbol(kSocket)]: TLSSocket {
      _tlsOptions: [Object],
      _secureEstablished: true,
      _securePending: false,
      _newSessionPending: false,
      _controlReleased: true,
      secureConnecting: false,
      _SNICallback: null,
      servername: 'api.themoviedb.org',
      alpnProtocol: false,
      authorized: true,
      authorizationError: null,
      encrypted: true,
      _events: [Object: null prototype],
      _eventsCount: 9,
      connecting: false,
      _hadError: false,
      _parent: null,
      _host: 'api.themoviedb.org',
      _closeAfterHandlingError: false,
      _readableState: [ReadableState],
      _writableState: [WritableState],
      allowHalfOpen: false,
      _maxListeners: undefined,
      _sockname: null,
      _pendingData: null,
      _pendingEncoding: '',
      server: undefined,
      _server: null,
      ssl: [TLSWrap],
      _requestCert: true,
      _rejectUnauthorized: true,
      timeout: 5000,
      parser: null,
      _httpMessage: null,
      autoSelectFamilyAttemptedAddresses: [Array],
      [Symbol(alpncallback)]: null,
      [Symbol(res)]: [TLSWrap],
      [Symbol(verified)]: true,
      [Symbol(pendingSession)]: null,
      [Symbol(async_id_symbol)]: -1,
      [Symbol(kHandle)]: [TLSWrap],
      [Symbol(lastWriteQueueSize)]: 0,
      [Symbol(timeout)]: Timeout {
        _idleTimeout: 5000,
        _idlePrev: [TimersList],
        _idleNext: [TimersList],
        _idleStart: 17899,
        _onTimeout: [Function: bound ],
        _timerArgs: undefined,
        _repeat: null,
        _destroyed: false,
        [Symbol(refed)]: false,
        [Symbol(kHasPrimitive)]: false,
        [Symbol(asyncId)]: 1921,
        [Symbol(triggerId)]: 1919,
        [Symbol(kAsyncContextFrame)]: undefined
      },
      [Symbol(kBuffer)]: null,
      [Symbol(kBufferCb)]: null,
      [Symbol(kBufferGen)]: null,
      [Symbol(shapeMode)]: true,
      [Symbol(kCapture)]: false,
      [Symbol(kSetNoDelay)]: false,
      [Symbol(kSetKeepAlive)]: true,
      [Symbol(kSetKeepAliveInitialDelay)]: 1,
      [Symbol(kBytesRead)]: 0,
      [Symbol(kBytesWritten)]: 0,
      [Symbol(connect-options)]: [Object]
    },
    [Symbol(kOutHeaders)]: [Object: null prototype] {
      accept: [Array],
      'user-agent': [Array],
      'accept-encoding': [Array],
      host: [Array]
    },
    [Symbol(errored)]: null,
    [Symbol(kHighWaterMark)]: 65536,
    [Symbol(kRejectNonStandardBodyWrites)]: false,
    [Symbol(kUniqueHeaders)]: null
  },
  response: {
    status: 404,
    statusText: 'Not Found',
    headers: Object [AxiosHeaders] {
      'content-type': 'application/json;charset=utf-8',
      'transfer-encoding': 'chunked',
      connection: 'keep-alive',
      date: 'Sat, 07 Feb 2026 03:42:32 GMT',
      server: 'openresty',
      'x-az': 'us-east-1b',
      'x-task-id': 'c384712fe0764105ab6ace1fc2333c96',
      vary: 'accept-encoding, Origin',
      'x-cache': 'Error from cloudfront',
      via: '1.1 451dbf0c4b9432494b69933368eb09a8.cloudfront.net (CloudFront)',
      'x-amz-cf-pop': 'FRA56-P13',
      'alt-svc': 'h3=":443"; ma=86400',
      'x-amz-cf-id': 's_3ze7LMDqpa7jcz0MwdJDGG3Y7rKT0PmKnU16ClXCNdQVIHYIoWTQ=='
    },
    config: {
      transitional: [Object],
      adapter: [Array],
      transformRequest: [Array],
      transformResponse: [Array],
      timeout: 30000,
      xsrfCookieName: 'XSRF-TOKEN',
      xsrfHeaderName: 'X-XSRF-TOKEN',
      maxContentLength: -1,
      maxBodyLength: -1,
      env: [Object],
      validateStatus: [Function: validateStatus],
      headers: [Object [AxiosHeaders]],
      method: 'get',
      url: 'https://api.themoviedb.org/3/movie/220594/credits?api_key=17ed80067ca246fc9ea1be7975b73017&language=en-US',
      allowAbsoluteUrls: true,
      data: undefined
    },
    request: <ref *1> ClientRequest {
      _events: [Object: null prototype],
      _eventsCount: 7,
      _maxListeners: undefined,
      outputData: [],
      outputSize: 0,
      writable: true,
      destroyed: true,
      _last: true,
      chunkedEncoding: false,
      shouldKeepAlive: true,
      maxRequestsOnConnectionReached: false,
      _defaultKeepAlive: true,
      useChunkedEncodingByDefault: false,
      sendDate: false,
      _removedConnection: false,
      _removedContLen: false,
      _removedTE: false,
      strictContentLength: false,
      _contentLength: 0,
      _hasBody: true,
      _trailer: '',
      finished: true,
      _headerSent: true,
      _closed: true,
      _header: 'GET /3/movie/220594/credits?api_key=17ed80067ca246fc9ea1be7975b73017&language=en-US HTTP/1.1\r\n' +
        'Accept: application/json, text/plain, */*\r\n' +
        'User-Agent: axios/1.12.2\r\n' +
        'Accept-Encoding: gzip, compress, deflate, br\r\n' +
        'Host: api.themoviedb.org\r\n' +
        'Connection: keep-alive\r\n' +
        '\r\n',
      _keepAliveTimeout: 0,
      _onPendingData: [Function: nop],
      agent: [Agent],
      socketPath: undefined,
      method: 'GET',
      maxHeaderSize: undefined,
      insecureHTTPParser: undefined,
      joinDuplicateHeaders: undefined,
      path: '/3/movie/220594/credits?api_key=17ed80067ca246fc9ea1be7975b73017&language=en-US',
      _ended: true,
      res: [IncomingMessage],
      aborted: false,
      timeoutCb: null,
      upgradeOrConnect: false,
      parser: null,
      maxHeadersCount: null,
      reusedSocket: true,
      host: 'api.themoviedb.org',
      protocol: 'https:',
      _redirectable: [Writable],
      [Symbol(shapeMode)]: false,
      [Symbol(kCapture)]: false,
      [Symbol(kBytesWritten)]: 0,
      [Symbol(kNeedDrain)]: false,
      [Symbol(corked)]: 0,
      [Symbol(kChunkedBuffer)]: [],
      [Symbol(kChunkedLength)]: 0,
      [Symbol(kSocket)]: [TLSSocket],
      [Symbol(kOutHeaders)]: [Object: null prototype],
      [Symbol(errored)]: null,
      [Symbol(kHighWaterMark)]: 65536,
      [Symbol(kRejectNonStandardBodyWrites)]: false,
      [Symbol(kUniqueHeaders)]: null
    },
    data: {
      success: false,
      status_code: 34,
      status_message: 'The resource you requested could not be found.'
    }
  },
  status: 404
}
[63/19151] Li Lian Jie's Shaolin Kung Fu (1994): Failed to fetch movie credits
Error fetching movie credits for ingestion: AxiosError: Request failed with status code 404
    at settle (/Users/demirhorzum/ActorRating/actor-rating/node_modules/axios/lib/core/settle.js:19:12)
    at Unzip.handleStreamEnd (/Users/demirhorzum/ActorRating/actor-rating/node_modules/axios/lib/adapters/http.js:617:11)
    at Unzip.emit (node:events:519:35)
    at endReadableNT (node:internal/streams/readable:1696:12)
    at process.processTicksAndRejections (node:internal/process/task_queues:90:21)
    at Axios.request (/Users/demirhorzum/ActorRating/actor-rating/node_modules/axios/lib/core/Axios.js:45:41)
    at process.processTicksAndRejections (node:internal/process/task_queues:105:5)
    at async getMovieCreditsForIngestion (/Users/demirhorzum/ActorRating/actor-rating/src/lib/tmdb.ts:137:22)
    at async ingestMovieCast (/Users/demirhorzum/ActorRating/actor-rating/src/lib/movie-ingestion.ts:240:19)
    at async main (/Users/demirhorzum/ActorRating/actor-rating/scripts/ingest-all-movies-cast.ts:62:22) {
  code: 'ERR_BAD_REQUEST',
  config: {
    transitional: {
      silentJSONParsing: true,
      forcedJSONParsing: true,
      clarifyTimeoutError: false
    },
    adapter: [ 'xhr', 'http', 'fetch' ],
    transformRequest: [ [Function: transformRequest] ],
    transformResponse: [ [Function: transformResponse] ],
    timeout: 30000,
    xsrfCookieName: 'XSRF-TOKEN',
    xsrfHeaderName: 'X-XSRF-TOKEN',
    maxContentLength: -1,
    maxBodyLength: -1,
    env: { FormData: [Function [FormData]], Blob: [class Blob] },
    validateStatus: [Function: validateStatus],
    headers: Object [AxiosHeaders] {
      Accept: 'application/json, text/plain, */*',
      'Content-Type': undefined,
      'User-Agent': 'axios/1.12.2',
      'Accept-Encoding': 'gzip, compress, deflate, br'
    },
    method: 'get',
    url: 'https://api.themoviedb.org/3/movie/1490317/credits?api_key=17ed80067ca246fc9ea1be7975b73017&language=en-US',
    allowAbsoluteUrls: true,
    data: undefined
  },
  request: <ref *1> ClientRequest {
    _events: [Object: null prototype] {
      abort: [Function (anonymous)],
      aborted: [Function (anonymous)],
      connect: [Function (anonymous)],
      error: [Function (anonymous)],
      socket: [Function (anonymous)],
      timeout: [Function (anonymous)],
      finish: [Function: requestOnFinish]
    },
    _eventsCount: 7,
    _maxListeners: undefined,
    outputData: [],
    outputSize: 0,
    writable: true,
    destroyed: true,
    _last: true,
    chunkedEncoding: false,
    shouldKeepAlive: true,
    maxRequestsOnConnectionReached: false,
    _defaultKeepAlive: true,
    useChunkedEncodingByDefault: false,
    sendDate: false,
    _removedConnection: false,
    _removedContLen: false,
    _removedTE: false,
    strictContentLength: false,
    _contentLength: 0,
    _hasBody: true,
    _trailer: '',
    finished: true,
    _headerSent: true,
    _closed: true,
    _header: 'GET /3/movie/1490317/credits?api_key=17ed80067ca246fc9ea1be7975b73017&language=en-US HTTP/1.1\r\n' +
      'Accept: application/json, text/plain, */*\r\n' +
      'User-Agent: axios/1.12.2\r\n' +
      'Accept-Encoding: gzip, compress, deflate, br\r\n' +
      'Host: api.themoviedb.org\r\n' +
      'Connection: keep-alive\r\n' +
      '\r\n',
    _keepAliveTimeout: 0,
    _onPendingData: [Function: nop],
    agent: Agent {
      _events: [Object: null prototype],
      _eventsCount: 2,
      _maxListeners: undefined,
      defaultPort: 443,
      protocol: 'https:',
      options: [Object: null prototype],
      requests: [Object: null prototype] {},
      sockets: [Object: null prototype] {},
      freeSockets: [Object: null prototype],
      keepAliveMsecs: 1000,
      keepAlive: true,
      maxSockets: Infinity,
      maxFreeSockets: 256,
      scheduling: 'lifo',
      maxTotalSockets: Infinity,
      totalSocketCount: 1,
      maxCachedSessions: 100,
      _sessionCache: [Object],
      [Symbol(shapeMode)]: false,
      [Symbol(kCapture)]: false
    },
    socketPath: undefined,
    method: 'GET',
    maxHeaderSize: undefined,
    insecureHTTPParser: undefined,
    joinDuplicateHeaders: undefined,
    path: '/3/movie/1490317/credits?api_key=17ed80067ca246fc9ea1be7975b73017&language=en-US',
    _ended: true,
    res: IncomingMessage {
      _events: [Object],
      _readableState: [ReadableState],
      _maxListeners: undefined,
      socket: null,
      httpVersionMajor: 1,
      httpVersionMinor: 1,
      httpVersion: '1.1',
      complete: true,
      rawHeaders: [Array],
      rawTrailers: [],
      joinDuplicateHeaders: undefined,
      aborted: false,
      upgrade: false,
      url: '',
      method: null,
      statusCode: 404,
      statusMessage: 'Not Found',
      client: [TLSSocket],
      _consuming: true,
      _dumped: false,
      req: [Circular *1],
      _eventsCount: 4,
      responseUrl: 'https://api.themoviedb.org/3/movie/1490317/credits?api_key=17ed80067ca246fc9ea1be7975b73017&language=en-US',
      redirects: [],
      [Symbol(shapeMode)]: true,
      [Symbol(kCapture)]: false,
      [Symbol(kHeaders)]: [Object],
      [Symbol(kHeadersCount)]: 30,
      [Symbol(kTrailers)]: null,
      [Symbol(kTrailersCount)]: 0
    },
    aborted: false,
    timeoutCb: null,
    upgradeOrConnect: false,
    parser: null,
    maxHeadersCount: null,
    reusedSocket: true,
    host: 'api.themoviedb.org',
    protocol: 'https:',
    _redirectable: Writable {
      _events: [Object],
      _writableState: [WritableState],
      _maxListeners: undefined,
      _options: [Object],
      _ended: true,
      _ending: true,
      _redirectCount: 0,
      _redirects: [],
      _requestBodyLength: 0,
      _requestBodyBuffers: [],
      _eventsCount: 3,
      _onNativeResponse: [Function (anonymous)],
      _currentRequest: [Circular *1],
      _currentUrl: 'https://api.themoviedb.org/3/movie/1490317/credits?api_key=17ed80067ca246fc9ea1be7975b73017&language=en-US',
      _timeout: null,
      [Symbol(shapeMode)]: true,
      [Symbol(kCapture)]: false
    },
    [Symbol(shapeMode)]: false,
    [Symbol(kCapture)]: false,
    [Symbol(kBytesWritten)]: 0,
    [Symbol(kNeedDrain)]: false,
    [Symbol(corked)]: 0,
    [Symbol(kChunkedBuffer)]: [],
    [Symbol(kChunkedLength)]: 0,
    [Symbol(kSocket)]: TLSSocket {
      _tlsOptions: [Object],
      _secureEstablished: true,
      _securePending: false,
      _newSessionPending: false,
      _controlReleased: true,
      secureConnecting: false,
      _SNICallback: null,
      servername: 'api.themoviedb.org',
      alpnProtocol: false,
      authorized: true,
      authorizationError: null,
      encrypted: true,
      _events: [Object: null prototype],
      _eventsCount: 9,
      connecting: false,
      _hadError: false,
      _parent: null,
      _host: 'api.themoviedb.org',
      _closeAfterHandlingError: false,
      _readableState: [ReadableState],
      _writableState: [WritableState],
      allowHalfOpen: false,
      _maxListeners: undefined,
      _sockname: null,
      _pendingData: null,
      _pendingEncoding: '',
      server: undefined,
      _server: null,
      ssl: [TLSWrap],
      _requestCert: true,
      _rejectUnauthorized: true,
      timeout: 5000,
      parser: null,
      _httpMessage: null,
      autoSelectFamilyAttemptedAddresses: [Array],
      [Symbol(alpncallback)]: null,
      [Symbol(res)]: [TLSWrap],
      [Symbol(verified)]: true,
      [Symbol(pendingSession)]: null,
      [Symbol(async_id_symbol)]: -1,
      [Symbol(kHandle)]: [TLSWrap],
      [Symbol(lastWriteQueueSize)]: 0,
      [Symbol(timeout)]: Timeout {
        _idleTimeout: 5000,
        _idlePrev: [TimersList],
        _idleNext: [TimersList],
        _idleStart: 22133,
        _onTimeout: [Function: bound ],
        _timerArgs: undefined,
        _repeat: null,
        _destroyed: false,
        [Symbol(refed)]: false,
        [Symbol(kHasPrimitive)]: false,
        [Symbol(asyncId)]: 2085,
        [Symbol(triggerId)]: 2083,
        [Symbol(kAsyncContextFrame)]: undefined
      },
      [Symbol(kBuffer)]: null,
      [Symbol(kBufferCb)]: null,
      [Symbol(kBufferGen)]: null,
      [Symbol(shapeMode)]: true,
      [Symbol(kCapture)]: false,
      [Symbol(kSetNoDelay)]: false,
      [Symbol(kSetKeepAlive)]: true,
      [Symbol(kSetKeepAliveInitialDelay)]: 1,
      [Symbol(kBytesRead)]: 0,
      [Symbol(kBytesWritten)]: 0,
      [Symbol(connect-options)]: [Object]
    },
    [Symbol(kOutHeaders)]: [Object: null prototype] {
      accept: [Array],
      'user-agent': [Array],
      'accept-encoding': [Array],
      host: [Array]
    },
    [Symbol(errored)]: null,
    [Symbol(kHighWaterMark)]: 65536,
    [Symbol(kRejectNonStandardBodyWrites)]: false,
    [Symbol(kUniqueHeaders)]: null
  },
  response: {
    status: 404,
    statusText: 'Not Found',
    headers: Object [AxiosHeaders] {
      'content-type': 'application/json;charset=utf-8',
      'transfer-encoding': 'chunked',
      connection: 'keep-alive',
      date: 'Sat, 07 Feb 2026 03:42:37 GMT',
      server: 'openresty',
      'x-az': 'us-east-1a',
      'x-task-id': '1f644c4f522448bc98598edea4c2ae91',
      vary: 'accept-encoding, Origin',
      'x-cache': 'Error from cloudfront',
      via: '1.1 451dbf0c4b9432494b69933368eb09a8.cloudfront.net (CloudFront)',
      'x-amz-cf-pop': 'FRA56-P13',
      'alt-svc': 'h3=":443"; ma=86400',
      'x-amz-cf-id': 'qU-pr6Y-2QudupG4AgvdIIkHynCAKn0Tyj9XFF5PylwWpukq5vfkLQ=='
    },
    config: {
      transitional: [Object],
      adapter: [Array],
      transformRequest: [Array],
      transformResponse: [Array],
      timeout: 30000,
      xsrfCookieName: 'XSRF-TOKEN',
      xsrfHeaderName: 'X-XSRF-TOKEN',
      maxContentLength: -1,
      maxBodyLength: -1,
      env: [Object],
      validateStatus: [Function: validateStatus],
      headers: [Object [AxiosHeaders]],
      method: 'get',
      url: 'https://api.themoviedb.org/3/movie/1490317/credits?api_key=17ed80067ca246fc9ea1be7975b73017&language=en-US',
      allowAbsoluteUrls: true,
      data: undefined
    },
    request: <ref *1> ClientRequest {
      _events: [Object: null prototype],
      _eventsCount: 7,
      _maxListeners: undefined,
      outputData: [],
      outputSize: 0,
      writable: true,
      destroyed: true,
      _last: true,
      chunkedEncoding: false,
      shouldKeepAlive: true,
      maxRequestsOnConnectionReached: false,
      _defaultKeepAlive: true,
      useChunkedEncodingByDefault: false,
      sendDate: false,
      _removedConnection: false,
      _removedContLen: false,
      _removedTE: false,
      strictContentLength: false,
      _contentLength: 0,
      _hasBody: true,
      _trailer: '',
      finished: true,
      _headerSent: true,
      _closed: true,
      _header: 'GET /3/movie/1490317/credits?api_key=17ed80067ca246fc9ea1be7975b73017&language=en-US HTTP/1.1\r\n' +
        'Accept: application/json, text/plain, */*\r\n' +
        'User-Agent: axios/1.12.2\r\n' +
        'Accept-Encoding: gzip, compress, deflate, br\r\n' +
        'Host: api.themoviedb.org\r\n' +
        'Connection: keep-alive\r\n' +
        '\r\n',
      _keepAliveTimeout: 0,
      _onPendingData: [Function: nop],
      agent: [Agent],
      socketPath: undefined,
      method: 'GET',
      maxHeaderSize: undefined,
      insecureHTTPParser: undefined,
      joinDuplicateHeaders: undefined,
      path: '/3/movie/1490317/credits?api_key=17ed80067ca246fc9ea1be7975b73017&language=en-US',
      _ended: true,
      res: [IncomingMessage],
      aborted: false,
      timeoutCb: null,
      upgradeOrConnect: false,
      parser: null,
      maxHeadersCount: null,
      reusedSocket: true,
      host: 'api.themoviedb.org',
      protocol: 'https:',
      _redirectable: [Writable],
      [Symbol(shapeMode)]: false,
      [Symbol(kCapture)]: false,
      [Symbol(kBytesWritten)]: 0,
      [Symbol(kNeedDrain)]: false,
      [Symbol(corked)]: 0,
      [Symbol(kChunkedBuffer)]: [],
      [Symbol(kChunkedLength)]: 0,
      [Symbol(kSocket)]: [TLSSocket],
      [Symbol(kOutHeaders)]: [Object: null prototype],
      [Symbol(errored)]: null,
      [Symbol(kHighWaterMark)]: 65536,
      [Symbol(kRejectNonStandardBodyWrites)]: false,
      [Symbol(kUniqueHeaders)]: null
    },
    data: {
      success: false,
      status_code: 34,
      status_message: 'The resource you requested could not be found.'
    }
  },
  status: 404
}
[65/19151] Tales from the Crypt: You, Murderer (1995): Failed to fetch movie credits
Error fetching movie credits for ingestion: AxiosError: Request failed with status code 404
    at settle (/Users/demirhorzum/ActorRating/actor-rating/node_modules/axios/lib/core/settle.js:19:12)
    at Unzip.handleStreamEnd (/Users/demirhorzum/ActorRating/actor-rating/node_modules/axios/lib/adapters/http.js:617:11)
    at Unzip.emit (node:events:519:35)
    at endReadableNT (node:internal/streams/readable:1696:12)
    at process.processTicksAndRejections (node:internal/process/task_queues:90:21)
    at Axios.request (/Users/demirhorzum/ActorRating/actor-rating/node_modules/axios/lib/core/Axios.js:45:41)
    at process.processTicksAndRejections (node:internal/process/task_queues:105:5)
    at async getMovieCreditsForIngestion (/Users/demirhorzum/ActorRating/actor-rating/src/lib/tmdb.ts:137:22)
    at async ingestMovieCast (/Users/demirhorzum/ActorRating/actor-rating/src/lib/movie-ingestion.ts:240:19)
    at async main (/Users/demirhorzum/ActorRating/actor-rating/scripts/ingest-all-movies-cast.ts:62:22) {
  code: 'ERR_BAD_REQUEST',
  config: {
    transitional: {
      silentJSONParsing: true,
      forcedJSONParsing: true,
      clarifyTimeoutError: false
    },
    adapter: [ 'xhr', 'http', 'fetch' ],
    transformRequest: [ [Function: transformRequest] ],
    transformResponse: [ [Function: transformResponse] ],
    timeout: 30000,
    xsrfCookieName: 'XSRF-TOKEN',
    xsrfHeaderName: 'X-XSRF-TOKEN',
    maxContentLength: -1,
    maxBodyLength: -1,
    env: { FormData: [Function [FormData]], Blob: [class Blob] },
    validateStatus: [Function: validateStatus],
    headers: Object [AxiosHeaders] {
      Accept: 'application/json, text/plain, */*',
      'Content-Type': undefined,
      'User-Agent': 'axios/1.12.2',
      'Accept-Encoding': 'gzip, compress, deflate, br'
    },
    method: 'get',
    url: 'https://api.themoviedb.org/3/movie/791911/credits?api_key=17ed80067ca246fc9ea1be7975b73017&language=en-US',
    allowAbsoluteUrls: true,
    data: undefined
  },
  request: <ref *1> ClientRequest {
    _events: [Object: null prototype] {
      abort: [Function (anonymous)],
      aborted: [Function (anonymous)],
      connect: [Function (anonymous)],
      error: [Function (anonymous)],
      socket: [Function (anonymous)],
      timeout: [Function (anonymous)],
      finish: [Function: requestOnFinish]
    },
    _eventsCount: 7,
    _maxListeners: undefined,
    outputData: [],
    outputSize: 0,
    writable: true,
    destroyed: true,
    _last: true,
    chunkedEncoding: false,
    shouldKeepAlive: true,
    maxRequestsOnConnectionReached: false,
    _defaultKeepAlive: true,
    useChunkedEncodingByDefault: false,
    sendDate: false,
    _removedConnection: false,
    _removedContLen: false,
    _removedTE: false,
    strictContentLength: false,
    _contentLength: 0,
    _hasBody: true,
    _trailer: '',
    finished: true,
    _headerSent: true,
    _closed: true,
    _header: 'GET /3/movie/791911/credits?api_key=17ed80067ca246fc9ea1be7975b73017&language=en-US HTTP/1.1\r\n' +
      'Accept: application/json, text/plain, */*\r\n' +
      'User-Agent: axios/1.12.2\r\n' +
      'Accept-Encoding: gzip, compress, deflate, br\r\n' +
      'Host: api.themoviedb.org\r\n' +
      'Connection: keep-alive\r\n' +
      '\r\n',
    _keepAliveTimeout: 0,
    _onPendingData: [Function: nop],
    agent: Agent {
      _events: [Object: null prototype],
      _eventsCount: 2,
      _maxListeners: undefined,
      defaultPort: 443,
      protocol: 'https:',
      options: [Object: null prototype],
      requests: [Object: null prototype] {},
      sockets: [Object: null prototype] {},
      freeSockets: [Object: null prototype],
      keepAliveMsecs: 1000,
      keepAlive: true,
      maxSockets: Infinity,
      maxFreeSockets: 256,
      scheduling: 'lifo',
      maxTotalSockets: Infinity,
      totalSocketCount: 1,
      maxCachedSessions: 100,
      _sessionCache: [Object],
      [Symbol(shapeMode)]: false,
      [Symbol(kCapture)]: false
    },
    socketPath: undefined,
    method: 'GET',
    maxHeaderSize: undefined,
    insecureHTTPParser: undefined,
    joinDuplicateHeaders: undefined,
    path: '/3/movie/791911/credits?api_key=17ed80067ca246fc9ea1be7975b73017&language=en-US',
    _ended: true,
    res: IncomingMessage {
      _events: [Object],
      _readableState: [ReadableState],
      _maxListeners: undefined,
      socket: null,
      httpVersionMajor: 1,
      httpVersionMinor: 1,
      httpVersion: '1.1',
      complete: true,
      rawHeaders: [Array],
      rawTrailers: [],
      joinDuplicateHeaders: undefined,
      aborted: false,
      upgrade: false,
      url: '',
      method: null,
      statusCode: 404,
      statusMessage: 'Not Found',
      client: [TLSSocket],
      _consuming: true,
      _dumped: false,
      req: [Circular *1],
      _eventsCount: 4,
      responseUrl: 'https://api.themoviedb.org/3/movie/791911/credits?api_key=17ed80067ca246fc9ea1be7975b73017&language=en-US',
      redirects: [],
      [Symbol(shapeMode)]: true,
      [Symbol(kCapture)]: false,
      [Symbol(kHeaders)]: [Object],
      [Symbol(kHeadersCount)]: 30,
      [Symbol(kTrailers)]: null,
      [Symbol(kTrailersCount)]: 0
    },
    aborted: false,
    timeoutCb: null,
    upgradeOrConnect: false,
    parser: null,
    maxHeadersCount: null,
    reusedSocket: true,
    host: 'api.themoviedb.org',
    protocol: 'https:',
    _redirectable: Writable {
      _events: [Object],
      _writableState: [WritableState],
      _maxListeners: undefined,
      _options: [Object],
      _ended: true,
      _ending: true,
      _redirectCount: 0,
      _redirects: [],
      _requestBodyLength: 0,
      _requestBodyBuffers: [],
      _eventsCount: 3,
      _onNativeResponse: [Function (anonymous)],
      _currentRequest: [Circular *1],
      _currentUrl: 'https://api.themoviedb.org/3/movie/791911/credits?api_key=17ed80067ca246fc9ea1be7975b73017&language=en-US',
      _timeout: null,
      [Symbol(shapeMode)]: true,
      [Symbol(kCapture)]: false
    },
    [Symbol(shapeMode)]: false,
    [Symbol(kCapture)]: false,
    [Symbol(kBytesWritten)]: 0,
    [Symbol(kNeedDrain)]: false,
    [Symbol(corked)]: 0,
    [Symbol(kChunkedBuffer)]: [],
    [Symbol(kChunkedLength)]: 0,
    [Symbol(kSocket)]: TLSSocket {
      _tlsOptions: [Object],
      _secureEstablished: true,
      _securePending: false,
      _newSessionPending: false,
      _controlReleased: true,
      secureConnecting: false,
      _SNICallback: null,
      servername: 'api.themoviedb.org',
      alpnProtocol: false,
      authorized: true,
      authorizationError: null,
      encrypted: true,
      _events: [Object: null prototype],
      _eventsCount: 9,
      connecting: false,
      _hadError: false,
      _parent: null,
      _host: 'api.themoviedb.org',
      _closeAfterHandlingError: false,
      _readableState: [ReadableState],
      _writableState: [WritableState],
      allowHalfOpen: false,
      _maxListeners: undefined,
      _sockname: null,
      _pendingData: null,
      _pendingEncoding: '',
      server: undefined,
      _server: null,
      ssl: [TLSWrap],
      _requestCert: true,
      _rejectUnauthorized: true,
      timeout: 5000,
      parser: null,
      _httpMessage: null,
      autoSelectFamilyAttemptedAddresses: [Array],
      [Symbol(alpncallback)]: null,
      [Symbol(res)]: [TLSWrap],
      [Symbol(verified)]: true,
      [Symbol(pendingSession)]: null,
      [Symbol(async_id_symbol)]: -1,
      [Symbol(kHandle)]: [TLSWrap],
      [Symbol(lastWriteQueueSize)]: 0,
      [Symbol(timeout)]: Timeout {
        _idleTimeout: 5000,
        _idlePrev: [TimersList],
        _idleNext: [TimersList],
        _idleStart: 27329,
        _onTimeout: [Function: bound ],
        _timerArgs: undefined,
        _repeat: null,
        _destroyed: false,
        [Symbol(refed)]: false,
        [Symbol(kHasPrimitive)]: false,
        [Symbol(asyncId)]: 2322,
        [Symbol(triggerId)]: 2320,
        [Symbol(kAsyncContextFrame)]: undefined
      },
      [Symbol(kBuffer)]: null,
      [Symbol(kBufferCb)]: null,
      [Symbol(kBufferGen)]: null,
      [Symbol(shapeMode)]: true,
      [Symbol(kCapture)]: false,
      [Symbol(kSetNoDelay)]: false,
      [Symbol(kSetKeepAlive)]: true,
      [Symbol(kSetKeepAliveInitialDelay)]: 1,
      [Symbol(kBytesRead)]: 0,
      [Symbol(kBytesWritten)]: 0,
      [Symbol(connect-options)]: [Object]
    },
    [Symbol(kOutHeaders)]: [Object: null prototype] {
      accept: [Array],
      'user-agent': [Array],
      'accept-encoding': [Array],
      host: [Array]
    },
    [Symbol(errored)]: null,
    [Symbol(kHighWaterMark)]: 65536,
    [Symbol(kRejectNonStandardBodyWrites)]: false,
    [Symbol(kUniqueHeaders)]: null
  },
  response: {
    status: 404,
    statusText: 'Not Found',
    headers: Object [AxiosHeaders] {
      'content-type': 'application/json;charset=utf-8',
      'transfer-encoding': 'chunked',
      connection: 'keep-alive',
      date: 'Sat, 07 Feb 2026 03:42:42 GMT',
      server: 'openresty',
      'x-az': 'us-east-1b',
      'x-task-id': 'c384712fe0764105ab6ace1fc2333c96',
      vary: 'accept-encoding, Origin',
      'x-cache': 'Error from cloudfront',
      via: '1.1 451dbf0c4b9432494b69933368eb09a8.cloudfront.net (CloudFront)',
      'x-amz-cf-pop': 'FRA56-P13',
      'alt-svc': 'h3=":443"; ma=86400',
      'x-amz-cf-id': 'Dildqn9ZMnJtESQIt1zdpQYYC9Xf7sZu39HDyg5svVqfu1T4yHT6FQ=='
    },
    config: {
      transitional: [Object],
      adapter: [Array],
      transformRequest: [Array],
      transformResponse: [Array],
      timeout: 30000,
      xsrfCookieName: 'XSRF-TOKEN',
      xsrfHeaderName: 'X-XSRF-TOKEN',
      maxContentLength: -1,
      maxBodyLength: -1,
      env: [Object],
      validateStatus: [Function: validateStatus],
      headers: [Object [AxiosHeaders]],
      method: 'get',
      url: 'https://api.themoviedb.org/3/movie/791911/credits?api_key=17ed80067ca246fc9ea1be7975b73017&language=en-US',
      allowAbsoluteUrls: true,
      data: undefined
    },
    request: <ref *1> ClientRequest {
      _events: [Object: null prototype],
      _eventsCount: 7,
      _maxListeners: undefined,
      outputData: [],
      outputSize: 0,
      writable: true,
      destroyed: true,
      _last: true,
      chunkedEncoding: false,
      shouldKeepAlive: true,
      maxRequestsOnConnectionReached: false,
      _defaultKeepAlive: true,
      useChunkedEncodingByDefault: false,
      sendDate: false,
      _removedConnection: false,
      _removedContLen: false,
      _removedTE: false,
      strictContentLength: false,
      _contentLength: 0,
      _hasBody: true,
      _trailer: '',
      finished: true,
      _headerSent: true,
      _closed: true,
      _header: 'GET /3/movie/791911/credits?api_key=17ed80067ca246fc9ea1be7975b73017&language=en-US HTTP/1.1\r\n' +
        'Accept: application/json, text/plain, */*\r\n' +
        'User-Agent: axios/1.12.2\r\n' +
        'Accept-Encoding: gzip, compress, deflate, br\r\n' +
        'Host: api.themoviedb.org\r\n' +
        'Connection: keep-alive\r\n' +
        '\r\n',
      _keepAliveTimeout: 0,
      _onPendingData: [Function: nop],
      agent: [Agent],
      socketPath: undefined,
      method: 'GET',
      maxHeaderSize: undefined,
      insecureHTTPParser: undefined,
      joinDuplicateHeaders: undefined,
      path: '/3/movie/791911/credits?api_key=17ed80067ca246fc9ea1be7975b73017&language=en-US',
      _ended: true,
      res: [IncomingMessage],
      aborted: false,
      timeoutCb: null,
      upgradeOrConnect: false,
      parser: null,
      maxHeadersCount: null,
      reusedSocket: true,
      host: 'api.themoviedb.org',
      protocol: 'https:',
      _redirectable: [Writable],
      [Symbol(shapeMode)]: false,
      [Symbol(kCapture)]: false,
      [Symbol(kBytesWritten)]: 0,
      [Symbol(kNeedDrain)]: false,
      [Symbol(corked)]: 0,
      [Symbol(kChunkedBuffer)]: [],
      [Symbol(kChunkedLength)]: 0,
      [Symbol(kSocket)]: [TLSSocket],
      [Symbol(kOutHeaders)]: [Object: null prototype],
      [Symbol(errored)]: null,
      [Symbol(kHighWaterMark)]: 65536,
      [Symbol(kRejectNonStandardBodyWrites)]: false,
      [Symbol(kUniqueHeaders)]: null
    },
    data: {
      success: false,
      status_code: 34,
      status_message: 'The resource you requested could not be found.'
    }
  },
  status: 404
}
[69/19151] American Cinema (1995): Failed to fetch movie credits
Error fetching movie credits for ingestion: AxiosError: Request failed with status code 404
    at settle (/Users/demirhorzum/ActorRating/actor-rating/node_modules/axios/lib/core/settle.js:19:12)
    at Unzip.handleStreamEnd (/Users/demirhorzum/ActorRating/actor-rating/node_modules/axios/lib/adapters/http.js:617:11)
    at Unzip.emit (node:events:519:35)
    at endReadableNT (node:internal/streams/readable:1696:12)
    at process.processTicksAndRejections (node:internal/process/task_queues:90:21)
    at Axios.request (/Users/demirhorzum/ActorRating/actor-rating/node_modules/axios/lib/core/Axios.js:45:41)
    at process.processTicksAndRejections (node:internal/process/task_queues:105:5)
    at async getMovieCreditsForIngestion (/Users/demirhorzum/ActorRating/actor-rating/src/lib/tmdb.ts:137:22)
    at async ingestMovieCast (/Users/demirhorzum/ActorRating/actor-rating/src/lib/movie-ingestion.ts:240:19)
    at async main (/Users/demirhorzum/ActorRating/actor-rating/scripts/ingest-all-movies-cast.ts:62:22) {
  code: 'ERR_BAD_REQUEST',
  config: {
    transitional: {
      silentJSONParsing: true,
      forcedJSONParsing: true,
      clarifyTimeoutError: false
    },
    adapter: [ 'xhr', 'http', 'fetch' ],
    transformRequest: [ [Function: transformRequest] ],
    transformResponse: [ [Function: transformResponse] ],
    timeout: 30000,
    xsrfCookieName: 'XSRF-TOKEN',
    xsrfHeaderName: 'X-XSRF-TOKEN',
    maxContentLength: -1,
    maxBodyLength: -1,
    env: { FormData: [Function [FormData]], Blob: [class Blob] },
    validateStatus: [Function: validateStatus],
    headers: Object [AxiosHeaders] {
      Accept: 'application/json, text/plain, */*',
      'Content-Type': undefined,
      'User-Agent': 'axios/1.12.2',
      'Accept-Encoding': 'gzip, compress, deflate, br'
    },
    method: 'get',
    url: 'https://api.themoviedb.org/3/movie/1248757/credits?api_key=17ed80067ca246fc9ea1be7975b73017&language=en-US',
    allowAbsoluteUrls: true,
    data: undefined
  },
  request: <ref *1> ClientRequest {
    _events: [Object: null prototype] {
      abort: [Function (anonymous)],
      aborted: [Function (anonymous)],
      connect: [Function (anonymous)],
      error: [Function (anonymous)],
      socket: [Function (anonymous)],
      timeout: [Function (anonymous)],
      finish: [Function: requestOnFinish]
    },
    _eventsCount: 7,
    _maxListeners: undefined,
    outputData: [],
    outputSize: 0,
    writable: true,
    destroyed: true,
    _last: true,
    chunkedEncoding: false,
    shouldKeepAlive: true,
    maxRequestsOnConnectionReached: false,
    _defaultKeepAlive: true,
    useChunkedEncodingByDefault: false,
    sendDate: false,
    _removedConnection: false,
    _removedContLen: false,
    _removedTE: false,
    strictContentLength: false,
    _contentLength: 0,
    _hasBody: true,
    _trailer: '',
    finished: true,
    _headerSent: true,
    _closed: true,
    _header: 'GET /3/movie/1248757/credits?api_key=17ed80067ca246fc9ea1be7975b73017&language=en-US HTTP/1.1\r\n' +
      'Accept: application/json, text/plain, */*\r\n' +
      'User-Agent: axios/1.12.2\r\n' +
      'Accept-Encoding: gzip, compress, deflate, br\r\n' +
      'Host: api.themoviedb.org\r\n' +
      'Connection: keep-alive\r\n' +
      '\r\n',
    _keepAliveTimeout: 0,
    _onPendingData: [Function: nop],
    agent: Agent {
      _events: [Object: null prototype],
      _eventsCount: 2,
      _maxListeners: undefined,
      defaultPort: 443,
      protocol: 'https:',
      options: [Object: null prototype],
      requests: [Object: null prototype] {},
      sockets: [Object: null prototype] {},
      freeSockets: [Object: null prototype],
      keepAliveMsecs: 1000,
      keepAlive: true,
      maxSockets: Infinity,
      maxFreeSockets: 256,
      scheduling: 'lifo',
      maxTotalSockets: Infinity,
      totalSocketCount: 1,
      maxCachedSessions: 100,
      _sessionCache: [Object],
      [Symbol(shapeMode)]: false,
      [Symbol(kCapture)]: false
    },
    socketPath: undefined,
    method: 'GET',
    maxHeaderSize: undefined,
    insecureHTTPParser: undefined,
    joinDuplicateHeaders: undefined,
    path: '/3/movie/1248757/credits?api_key=17ed80067ca246fc9ea1be7975b73017&language=en-US',
    _ended: true,
    res: IncomingMessage {
      _events: [Object],
      _readableState: [ReadableState],
      _maxListeners: undefined,
      socket: null,
      httpVersionMajor: 1,
      httpVersionMinor: 1,
      httpVersion: '1.1',
      complete: true,
      rawHeaders: [Array],
      rawTrailers: [],
      joinDuplicateHeaders: undefined,
      aborted: false,
      upgrade: false,
      url: '',
      method: null,
      statusCode: 404,
      statusMessage: 'Not Found',
      client: [TLSSocket],
      _consuming: true,
      _dumped: false,
      req: [Circular *1],
      _eventsCount: 4,
      responseUrl: 'https://api.themoviedb.org/3/movie/1248757/credits?api_key=17ed80067ca246fc9ea1be7975b73017&language=en-US',
      redirects: [],
      [Symbol(shapeMode)]: true,
      [Symbol(kCapture)]: false,
      [Symbol(kHeaders)]: [Object],
      [Symbol(kHeadersCount)]: 30,
      [Symbol(kTrailers)]: null,
      [Symbol(kTrailersCount)]: 0
    },
    aborted: false,
    timeoutCb: null,
    upgradeOrConnect: false,
    parser: null,
    maxHeadersCount: null,
    reusedSocket: true,
    host: 'api.themoviedb.org',
    protocol: 'https:',
    _redirectable: Writable {
      _events: [Object],
      _writableState: [WritableState],
      _maxListeners: undefined,
      _options: [Object],
      _ended: true,
      _ending: true,
      _redirectCount: 0,
      _redirects: [],
      _requestBodyLength: 0,
      _requestBodyBuffers: [],
      _eventsCount: 3,
      _onNativeResponse: [Function (anonymous)],
      _currentRequest: [Circular *1],
      _currentUrl: 'https://api.themoviedb.org/3/movie/1248757/credits?api_key=17ed80067ca246fc9ea1be7975b73017&language=en-US',
      _timeout: null,
      [Symbol(shapeMode)]: true,
      [Symbol(kCapture)]: false
    },
    [Symbol(shapeMode)]: false,
    [Symbol(kCapture)]: false,
    [Symbol(kBytesWritten)]: 0,
    [Symbol(kNeedDrain)]: false,
    [Symbol(corked)]: 0,
    [Symbol(kChunkedBuffer)]: [],
    [Symbol(kChunkedLength)]: 0,
    [Symbol(kSocket)]: TLSSocket {
      _tlsOptions: [Object],
      _secureEstablished: true,
      _securePending: false,
      _newSessionPending: false,
      _controlReleased: true,
      secureConnecting: false,
      _SNICallback: null,
      servername: 'api.themoviedb.org',
      alpnProtocol: false,
      authorized: true,
      authorizationError: null,
      encrypted: true,
      _events: [Object: null prototype],
      _eventsCount: 9,
      connecting: false,
      _hadError: false,
      _parent: null,
      _host: 'api.themoviedb.org',
      _closeAfterHandlingError: false,
      _readableState: [ReadableState],
      _writableState: [WritableState],
      allowHalfOpen: false,
      _maxListeners: undefined,
      _sockname: null,
      _pendingData: null,
      _pendingEncoding: '',
      server: undefined,
      _server: null,
      ssl: [TLSWrap],
      _requestCert: true,
      _rejectUnauthorized: true,
      timeout: 5000,
      parser: null,
      _httpMessage: null,
      autoSelectFamilyAttemptedAddresses: [Array],
      [Symbol(alpncallback)]: null,
      [Symbol(res)]: [TLSWrap],
      [Symbol(verified)]: true,
      [Symbol(pendingSession)]: null,
      [Symbol(async_id_symbol)]: -1,
      [Symbol(kHandle)]: [TLSWrap],
      [Symbol(lastWriteQueueSize)]: 0,
      [Symbol(timeout)]: Timeout {
        _idleTimeout: 5000,
        _idlePrev: [TimersList],
        _idleNext: [TimersList],
        _idleStart: 92396,
        _onTimeout: [Function: bound ],
        _timerArgs: undefined,
        _repeat: null,
        _destroyed: false,
        [Symbol(refed)]: false,
        [Symbol(kHasPrimitive)]: false,
        [Symbol(asyncId)]: 5035,
        [Symbol(triggerId)]: 5033,
        [Symbol(kAsyncContextFrame)]: undefined
      },
      [Symbol(kBuffer)]: null,
      [Symbol(kBufferCb)]: null,
      [Symbol(kBufferGen)]: null,
      [Symbol(shapeMode)]: true,
      [Symbol(kCapture)]: false,
      [Symbol(kSetNoDelay)]: false,
      [Symbol(kSetKeepAlive)]: true,
      [Symbol(kSetKeepAliveInitialDelay)]: 1,
      [Symbol(kBytesRead)]: 0,
      [Symbol(kBytesWritten)]: 0,
      [Symbol(connect-options)]: [Object]
    },
    [Symbol(kOutHeaders)]: [Object: null prototype] {
      accept: [Array],
      'user-agent': [Array],
      'accept-encoding': [Array],
      host: [Array]
    },
    [Symbol(errored)]: null,
    [Symbol(kHighWaterMark)]: 65536,
    [Symbol(kRejectNonStandardBodyWrites)]: false,
    [Symbol(kUniqueHeaders)]: null
  },
  response: {
    status: 404,
    statusText: 'Not Found',
    headers: Object [AxiosHeaders] {
      'content-type': 'application/json;charset=utf-8',
      'transfer-encoding': 'chunked',
      connection: 'keep-alive',
      date: 'Sat, 07 Feb 2026 03:43:47 GMT',
      server: 'openresty',
      'x-az': 'us-east-1b',
      'x-task-id': '82883dc7a37b4b35b5d4664f54d56ddc',
      vary: 'accept-encoding, Origin',
      'x-cache': 'Error from cloudfront',
      via: '1.1 81c295f7d619f8296b181c6b4dca67a4.cloudfront.net (CloudFront)',
      'x-amz-cf-pop': 'FRA56-P13',
      'alt-svc': 'h3=":443"; ma=86400',
      'x-amz-cf-id': 'p8MS3icjPpGKbFRqpGSQOnImyI94vTAXZfs9E7Gn4_njZG7KKl4mHQ=='
    },
    config: {
      transitional: [Object],
      adapter: [Array],
      transformRequest: [Array],
      transformResponse: [Array],
      timeout: 30000,
      xsrfCookieName: 'XSRF-TOKEN',
      xsrfHeaderName: 'X-XSRF-TOKEN',
      maxContentLength: -1,
      maxBodyLength: -1,
      env: [Object],
      validateStatus: [Function: validateStatus],
      headers: [Object [AxiosHeaders]],
      method: 'get',
      url: 'https://api.themoviedb.org/3/movie/1248757/credits?api_key=17ed80067ca246fc9ea1be7975b73017&language=en-US',
      allowAbsoluteUrls: true,
      data: undefined
    },
    request: <ref *1> ClientRequest {
      _events: [Object: null prototype],
      _eventsCount: 7,
      _maxListeners: undefined,
      outputData: [],
      outputSize: 0,
      writable: true,
      destroyed: true,
      _last: true,
      chunkedEncoding: false,
      shouldKeepAlive: true,
      maxRequestsOnConnectionReached: false,
      _defaultKeepAlive: true,
      useChunkedEncodingByDefault: false,
      sendDate: false,
      _removedConnection: false,
      _removedContLen: false,
      _removedTE: false,
      strictContentLength: false,
      _contentLength: 0,
      _hasBody: true,
      _trailer: '',
      finished: true,
      _headerSent: true,
      _closed: true,
      _header: 'GET /3/movie/1248757/credits?api_key=17ed80067ca246fc9ea1be7975b73017&language=en-US HTTP/1.1\r\n' +
        'Accept: application/json, text/plain, */*\r\n' +
        'User-Agent: axios/1.12.2\r\n' +
        'Accept-Encoding: gzip, compress, deflate, br\r\n' +
        'Host: api.themoviedb.org\r\n' +
        'Connection: keep-alive\r\n' +
        '\r\n',
      _keepAliveTimeout: 0,
      _onPendingData: [Function: nop],
      agent: [Agent],
      socketPath: undefined,
      method: 'GET',
      maxHeaderSize: undefined,
      insecureHTTPParser: undefined,
      joinDuplicateHeaders: undefined,
      path: '/3/movie/1248757/credits?api_key=17ed80067ca246fc9ea1be7975b73017&language=en-US',
      _ended: true,
      res: [IncomingMessage],
      aborted: false,
      timeoutCb: null,
      upgradeOrConnect: false,
      parser: null,
      maxHeadersCount: null,
      reusedSocket: true,
      host: 'api.themoviedb.org',
      protocol: 'https:',
      _redirectable: [Writable],
      [Symbol(shapeMode)]: false,
      [Symbol(kCapture)]: false,
      [Symbol(kBytesWritten)]: 0,
      [Symbol(kNeedDrain)]: false,
      [Symbol(corked)]: 0,
      [Symbol(kChunkedBuffer)]: [],
      [Symbol(kChunkedLength)]: 0,
      [Symbol(kSocket)]: [TLSSocket],
      [Symbol(kOutHeaders)]: [Object: null prototype],
      [Symbol(errored)]: null,
      [Symbol(kHighWaterMark)]: 65536,
      [Symbol(kRejectNonStandardBodyWrites)]: false,
      [Symbol(kUniqueHeaders)]: null
    },
    data: {
      success: false,
      status_code: 34,
      status_message: 'The resource you requested could not be found.'
    }
  },
  status: 404
}
[93/19151] Divine Rapture (1995): Failed to fetch movie credits
[100/19151] The First 100 Years: A Celebration of American Movies (1995) — created: 33, updated: 0
[157/19151] Last Man Standing (1995): 
Invalid `prisma.performance.create()` invocation in
/Users/demirhorzum/ActorRating/actor-rating/src/lib/movie-ingestion.ts:296:32

  293 const existing = performanceByActorId.get(actor.id);
  294 
  295 if (!existing) {
→ 296   await prisma.performance.create(
Unique constraint failed on the fields: (`userId`,`actorId`,`movieId`)
[200/19151] Get Shorty (1995) — created: 41, updated: 0
Error fetching movie credits for ingestion: AxiosError: Request failed with status code 404
    at settle (/Users/demirhorzum/ActorRating/actor-rating/node_modules/axios/lib/core/settle.js:19:12)
    at Unzip.handleStreamEnd (/Users/demirhorzum/ActorRating/actor-rating/node_modules/axios/lib/adapters/http.js:617:11)
    at Unzip.emit (node:events:519:35)
    at endReadableNT (node:internal/streams/readable:1696:12)
    at process.processTicksAndRejections (node:internal/process/task_queues:90:21)
    at Axios.request (/Users/demirhorzum/ActorRating/actor-rating/node_modules/axios/lib/core/Axios.js:45:41)
    at process.processTicksAndRejections (node:internal/process/task_queues:105:5)
    at async getMovieCreditsForIngestion (/Users/demirhorzum/ActorRating/actor-rating/src/lib/tmdb.ts:137:22)
    at async ingestMovieCast (/Users/demirhorzum/ActorRating/actor-rating/src/lib/movie-ingestion.ts:240:19)
    at async main (/Users/demirhorzum/ActorRating/actor-rating/scripts/ingest-all-movies-cast.ts:62:22) {
  code: 'ERR_BAD_REQUEST',
  config: {
    transitional: {
      silentJSONParsing: true,
      forcedJSONParsing: true,
      clarifyTimeoutError: false
    },
    adapter: [ 'xhr', 'http', 'fetch' ],
    transformRequest: [ [Function: transformRequest] ],
    transformResponse: [ [Function: transformResponse] ],
    timeout: 30000,
    xsrfCookieName: 'XSRF-TOKEN',
    xsrfHeaderName: 'X-XSRF-TOKEN',
    maxContentLength: -1,
    maxBodyLength: -1,
    env: { FormData: [Function [FormData]], Blob: [class Blob] },
    validateStatus: [Function: validateStatus],
    headers: Object [AxiosHeaders] {
      Accept: 'application/json, text/plain, */*',
      'Content-Type': undefined,
      'User-Agent': 'axios/1.12.2',
      'Accept-Encoding': 'gzip, compress, deflate, br'
    },
    method: 'get',
    url: 'https://api.themoviedb.org/3/movie/427419/credits?api_key=17ed80067ca246fc9ea1be7975b73017&language=en-US',
    allowAbsoluteUrls: true,
    data: undefined
  },
  request: <ref *1> ClientRequest {
    _events: [Object: null prototype] {
      abort: [Function (anonymous)],
      aborted: [Function (anonymous)],
      connect: [Function (anonymous)],
      error: [Function (anonymous)],
      socket: [Function (anonymous)],
      timeout: [Function (anonymous)],
      finish: [Function: requestOnFinish]
    },
    _eventsCount: 7,
    _maxListeners: undefined,
    outputData: [],
    outputSize: 0,
    writable: true,
    destroyed: true,
    _last: true,
    chunkedEncoding: false,
    shouldKeepAlive: true,
    maxRequestsOnConnectionReached: false,
    _defaultKeepAlive: true,
    useChunkedEncodingByDefault: false,
    sendDate: false,
    _removedConnection: false,
    _removedContLen: false,
    _removedTE: false,
    strictContentLength: false,
    _contentLength: 0,
    _hasBody: true,
    _trailer: '',
    finished: true,
    _headerSent: true,
    _closed: true,
    _header: 'GET /3/movie/427419/credits?api_key=17ed80067ca246fc9ea1be7975b73017&language=en-US HTTP/1.1\r\n' +
      'Accept: application/json, text/plain, */*\r\n' +
      'User-Agent: axios/1.12.2\r\n' +
      'Accept-Encoding: gzip, compress, deflate, br\r\n' +
      'Host: api.themoviedb.org\r\n' +
      'Connection: keep-alive\r\n' +
      '\r\n',
    _keepAliveTimeout: 0,
    _onPendingData: [Function: nop],
    agent: Agent {
      _events: [Object: null prototype],
      _eventsCount: 2,
      _maxListeners: undefined,
      defaultPort: 443,
      protocol: 'https:',
      options: [Object: null prototype],
      requests: [Object: null prototype] {},
      sockets: [Object: null prototype] {},
      freeSockets: [Object: null prototype],
      keepAliveMsecs: 1000,
      keepAlive: true,
      maxSockets: Infinity,
      maxFreeSockets: 256,
      scheduling: 'lifo',
      maxTotalSockets: Infinity,
      totalSocketCount: 1,
      maxCachedSessions: 100,
      _sessionCache: [Object],
      [Symbol(shapeMode)]: false,
      [Symbol(kCapture)]: false
    },
    socketPath: undefined,
    method: 'GET',
    maxHeaderSize: undefined,
    insecureHTTPParser: undefined,
    joinDuplicateHeaders: undefined,
    path: '/3/movie/427419/credits?api_key=17ed80067ca246fc9ea1be7975b73017&language=en-US',
    _ended: true,
    res: IncomingMessage {
      _events: [Object],
      _readableState: [ReadableState],
      _maxListeners: undefined,
      socket: null,
      httpVersionMajor: 1,
      httpVersionMinor: 1,
      httpVersion: '1.1',
      complete: true,
      rawHeaders: [Array],
      rawTrailers: [],
      joinDuplicateHeaders: undefined,
      aborted: false,
      upgrade: false,
      url: '',
      method: null,
      statusCode: 404,
      statusMessage: 'Not Found',
      client: [TLSSocket],
      _consuming: true,
      _dumped: false,
      req: [Circular *1],
      _eventsCount: 4,
      responseUrl: 'https://api.themoviedb.org/3/movie/427419/credits?api_key=17ed80067ca246fc9ea1be7975b73017&language=en-US',
      redirects: [],
      [Symbol(shapeMode)]: true,
      [Symbol(kCapture)]: false,
      [Symbol(kHeaders)]: [Object],
      [Symbol(kHeadersCount)]: 30,
      [Symbol(kTrailers)]: null,
      [Symbol(kTrailersCount)]: 0
    },
    aborted: false,
    timeoutCb: null,
    upgradeOrConnect: false,
    parser: null,
    maxHeadersCount: null,
    reusedSocket: true,
    host: 'api.themoviedb.org',
    protocol: 'https:',
    _redirectable: Writable {
      _events: [Object],
      _writableState: [WritableState],
      _maxListeners: undefined,
      _options: [Object],
      _ended: true,
      _ending: true,
      _redirectCount: 0,
      _redirects: [],
      _requestBodyLength: 0,
      _requestBodyBuffers: [],
      _eventsCount: 3,
      _onNativeResponse: [Function (anonymous)],
      _currentRequest: [Circular *1],
      _currentUrl: 'https://api.themoviedb.org/3/movie/427419/credits?api_key=17ed80067ca246fc9ea1be7975b73017&language=en-US',
      _timeout: null,
      [Symbol(shapeMode)]: true,
      [Symbol(kCapture)]: false
    },
    [Symbol(shapeMode)]: false,
    [Symbol(kCapture)]: false,
    [Symbol(kBytesWritten)]: 0,
    [Symbol(kNeedDrain)]: false,
    [Symbol(corked)]: 0,
    [Symbol(kChunkedBuffer)]: [],
    [Symbol(kChunkedLength)]: 0,
    [Symbol(kSocket)]: TLSSocket {
      _tlsOptions: [Object],
      _secureEstablished: true,
      _securePending: false,
      _newSessionPending: false,
      _controlReleased: true,
      secureConnecting: false,
      _SNICallback: null,
      servername: 'api.themoviedb.org',
      alpnProtocol: false,
      authorized: true,
      authorizationError: null,
      encrypted: true,
      _events: [Object: null prototype],
      _eventsCount: 9,
      connecting: false,
      _hadError: false,
      _parent: null,
      _host: 'api.themoviedb.org',
      _closeAfterHandlingError: false,
      _readableState: [ReadableState],
      _writableState: [WritableState],
      allowHalfOpen: false,
      _maxListeners: undefined,
      _sockname: null,
      _pendingData: null,
      _pendingEncoding: '',
      server: undefined,
      _server: null,
      ssl: [TLSWrap],
      _requestCert: true,
      _rejectUnauthorized: true,
      timeout: 5000,
      parser: null,
      _httpMessage: null,
      autoSelectFamilyAttemptedAddresses: [Array],
      [Symbol(alpncallback)]: null,
      [Symbol(res)]: [TLSWrap],
      [Symbol(verified)]: true,
      [Symbol(pendingSession)]: null,
      [Symbol(async_id_symbol)]: -1,
      [Symbol(kHandle)]: [TLSWrap],
      [Symbol(lastWriteQueueSize)]: 0,
      [Symbol(timeout)]: Timeout {
        _idleTimeout: 5000,
        _idlePrev: [TimersList],
        _idleNext: [TimersList],
        _idleStart: 607751,
        _onTimeout: [Function: bound ],
        _timerArgs: undefined,
        _repeat: null,
        _destroyed: false,
        [Symbol(refed)]: false,
        [Symbol(kHasPrimitive)]: false,
        [Symbol(asyncId)]: 26559,
        [Symbol(triggerId)]: 26557,
        [Symbol(kAsyncContextFrame)]: undefined
      },
      [Symbol(kBuffer)]: null,
      [Symbol(kBufferCb)]: null,
      [Symbol(kBufferGen)]: null,
      [Symbol(shapeMode)]: true,
      [Symbol(kCapture)]: false,
      [Symbol(kSetNoDelay)]: false,
      [Symbol(kSetKeepAlive)]: true,
      [Symbol(kSetKeepAliveInitialDelay)]: 1,
      [Symbol(kBytesRead)]: 0,
      [Symbol(kBytesWritten)]: 0,
      [Symbol(connect-options)]: [Object]
    },
    [Symbol(kOutHeaders)]: [Object: null prototype] {
      accept: [Array],
      'user-agent': [Array],
      'accept-encoding': [Array],
      host: [Array]
    },
    [Symbol(errored)]: null,
    [Symbol(kHighWaterMark)]: 65536,
    [Symbol(kRejectNonStandardBodyWrites)]: false,
    [Symbol(kUniqueHeaders)]: null
  },
  response: {
    status: 404,
    statusText: 'Not Found',
    headers: Object [AxiosHeaders] {
      'content-type': 'application/json;charset=utf-8',
      'transfer-encoding': 'chunked',
      connection: 'keep-alive',
      date: 'Sat, 07 Feb 2026 03:52:22 GMT',
      server: 'openresty',
      'x-az': 'us-east-1c',
      'x-task-id': '9ce18549c85642718212549333d3e08f',
      vary: 'accept-encoding, Origin',
      'x-cache': 'Error from cloudfront',
      via: '1.1 7b921af2d8563da7f429361b2f7dc3d4.cloudfront.net (CloudFront)',
      'x-amz-cf-pop': 'FRA56-P13',
      'alt-svc': 'h3=":443"; ma=86400',
      'x-amz-cf-id': '1vs6rOR7nI460-r_cwWHxkK6WTP0OkE8lLjSAHlTlhg0rajerOFiwg=='
    },
    config: {
      transitional: [Object],
      adapter: [Array],
      transformRequest: [Array],
      transformResponse: [Array],
      timeout: 30000,
      xsrfCookieName: 'XSRF-TOKEN',
      xsrfHeaderName: 'X-XSRF-TOKEN',
      maxContentLength: -1,
      maxBodyLength: -1,
      env: [Object],
      validateStatus: [Function: validateStatus],
      headers: [Object [AxiosHeaders]],
      method: 'get',
      url: 'https://api.themoviedb.org/3/movie/427419/credits?api_key=17ed80067ca246fc9ea1be7975b73017&language=en-US',
      allowAbsoluteUrls: true,
      data: undefined
    },
    request: <ref *1> ClientRequest {
      _events: [Object: null prototype],
      _eventsCount: 7,
      _maxListeners: undefined,
      outputData: [],
      outputSize: 0,
      writable: true,
      destroyed: true,
      _last: true,
      chunkedEncoding: false,
      shouldKeepAlive: true,
      maxRequestsOnConnectionReached: false,
      _defaultKeepAlive: true,
      useChunkedEncodingByDefault: false,
      sendDate: false,
      _removedConnection: false,
      _removedContLen: false,
      _removedTE: false,
      strictContentLength: false,
      _contentLength: 0,
      _hasBody: true,
      _trailer: '',
      finished: true,
      _headerSent: true,
      _closed: true,
      _header: 'GET /3/movie/427419/credits?api_key=17ed80067ca246fc9ea1be7975b73017&language=en-US HTTP/1.1\r\n' +
        'Accept: application/json, text/plain, */*\r\n' +
        'User-Agent: axios/1.12.2\r\n' +
        'Accept-Encoding: gzip, compress, deflate, br\r\n' +
        'Host: api.themoviedb.org\r\n' +
        'Connection: keep-alive\r\n' +
        '\r\n',
      _keepAliveTimeout: 0,
      _onPendingData: [Function: nop],
      agent: [Agent],
      socketPath: undefined,
      method: 'GET',
      maxHeaderSize: undefined,
      insecureHTTPParser: undefined,
      joinDuplicateHeaders: undefined,
      path: '/3/movie/427419/credits?api_key=17ed80067ca246fc9ea1be7975b73017&language=en-US',
      _ended: true,
      res: [IncomingMessage],
      aborted: false,
      timeoutCb: null,
      upgradeOrConnect: false,
      parser: null,
      maxHeadersCount: null,
      reusedSocket: true,
      host: 'api.themoviedb.org',
      protocol: 'https:',
      _redirectable: [Writable],
      [Symbol(shapeMode)]: false,
      [Symbol(kCapture)]: false,
      [Symbol(kBytesWritten)]: 0,
      [Symbol(kNeedDrain)]: false,
      [Symbol(corked)]: 0,
      [Symbol(kChunkedBuffer)]: [],
      [Symbol(kChunkedLength)]: 0,
      [Symbol(kSocket)]: [TLSSocket],
      [Symbol(kOutHeaders)]: [Object: null prototype],
      [Symbol(errored)]: null,
      [Symbol(kHighWaterMark)]: 65536,
      [Symbol(kRejectNonStandardBodyWrites)]: false,
      [Symbol(kUniqueHeaders)]: null
    },
    data: {
      success: false,
      status_code: 34,
      status_message: 'The resource you requested could not be found.'
    }
  },
  status: 404
}
[271/19151] Seduced by Madness: The Diane Borchardt Story (1996): Failed to fetch movie credits
[296/19151] Hurricane Polymar: Holy Blood (1996): 
Invalid `prisma.performance.create()` invocation in
/Users/demirhorzum/ActorRating/actor-rating/src/lib/movie-ingestion.ts:296:32

  293 const existing = performanceByActorId.get(actor.id);
  294 
  295 if (!existing) {
→ 296   await prisma.performance.create(
Unique constraint failed on the fields: (`userId`,`actorId`,`movieId`)
[300/19151] The Secret Agent (1996) — created: 10, updated: 0
Error fetching movie credits for ingestion: AxiosError: Request failed with status code 404
    at settle (/Users/demirhorzum/ActorRating/actor-rating/node_modules/axios/lib/core/settle.js:19:12)
    at Unzip.handleStreamEnd (/Users/demirhorzum/ActorRating/actor-rating/node_modules/axios/lib/adapters/http.js:617:11)
    at Unzip.emit (node:events:519:35)
    at endReadableNT (node:internal/streams/readable:1696:12)
    at process.processTicksAndRejections (node:internal/process/task_queues:90:21)
    at Axios.request (/Users/demirhorzum/ActorRating/actor-rating/node_modules/axios/lib/core/Axios.js:45:41)
    at process.processTicksAndRejections (node:internal/process/task_queues:105:5)
    at async getMovieCreditsForIngestion (/Users/demirhorzum/ActorRating/actor-rating/src/lib/tmdb.ts:137:22)
    at async ingestMovieCast (/Users/demirhorzum/ActorRating/actor-rating/src/lib/movie-ingestion.ts:240:19)
    at async main (/Users/demirhorzum/ActorRating/actor-rating/scripts/ingest-all-movies-cast.ts:62:22) {
  code: 'ERR_BAD_REQUEST',
  config: {
    transitional: {
      silentJSONParsing: true,
      forcedJSONParsing: true,
      clarifyTimeoutError: false
    },
    adapter: [ 'xhr', 'http', 'fetch' ],
    transformRequest: [ [Function: transformRequest] ],
    transformResponse: [ [Function: transformResponse] ],
    timeout: 30000,
    xsrfCookieName: 'XSRF-TOKEN',
    xsrfHeaderName: 'X-XSRF-TOKEN',
    maxContentLength: -1,
    maxBodyLength: -1,
    env: { FormData: [Function [FormData]], Blob: [class Blob] },
    validateStatus: [Function: validateStatus],
    headers: Object [AxiosHeaders] {
      Accept: 'application/json, text/plain, */*',
      'Content-Type': undefined,
      'User-Agent': 'axios/1.12.2',
      'Accept-Encoding': 'gzip, compress, deflate, br'
    },
    method: 'get',
    url: 'https://api.themoviedb.org/3/movie/1519531/credits?api_key=17ed80067ca246fc9ea1be7975b73017&language=en-US',
    allowAbsoluteUrls: true,
    data: undefined
  },
  request: <ref *1> ClientRequest {
    _events: [Object: null prototype] {
      abort: [Function (anonymous)],
      aborted: [Function (anonymous)],
      connect: [Function (anonymous)],
      error: [Function (anonymous)],
      socket: [Function (anonymous)],
      timeout: [Function (anonymous)],
      finish: [Function: requestOnFinish]
    },
    _eventsCount: 7,
    _maxListeners: undefined,
    outputData: [],
    outputSize: 0,
    writable: true,
    destroyed: true,
    _last: true,
    chunkedEncoding: false,
    shouldKeepAlive: true,
    maxRequestsOnConnectionReached: false,
    _defaultKeepAlive: true,
    useChunkedEncodingByDefault: false,
    sendDate: false,
    _removedConnection: false,
    _removedContLen: false,
    _removedTE: false,
    strictContentLength: false,
    _contentLength: 0,
    _hasBody: true,
    _trailer: '',
    finished: true,
    _headerSent: true,
    _closed: true,
    _header: 'GET /3/movie/1519531/credits?api_key=17ed80067ca246fc9ea1be7975b73017&language=en-US HTTP/1.1\r\n' +
      'Accept: application/json, text/plain, */*\r\n' +
      'User-Agent: axios/1.12.2\r\n' +
      'Accept-Encoding: gzip, compress, deflate, br\r\n' +
      'Host: api.themoviedb.org\r\n' +
      'Connection: keep-alive\r\n' +
      '\r\n',
    _keepAliveTimeout: 0,
    _onPendingData: [Function: nop],
    agent: Agent {
      _events: [Object: null prototype],
      _eventsCount: 2,
      _maxListeners: undefined,
      defaultPort: 443,
      protocol: 'https:',
      options: [Object: null prototype],
      requests: [Object: null prototype] {},
      sockets: [Object: null prototype] {},
      freeSockets: [Object: null prototype],
      keepAliveMsecs: 1000,
      keepAlive: true,
      maxSockets: Infinity,
      maxFreeSockets: 256,
      scheduling: 'lifo',
      maxTotalSockets: Infinity,
      totalSocketCount: 1,
      maxCachedSessions: 100,
      _sessionCache: [Object],
      [Symbol(shapeMode)]: false,
      [Symbol(kCapture)]: false
    },
    socketPath: undefined,
    method: 'GET',
    maxHeaderSize: undefined,
    insecureHTTPParser: undefined,
    joinDuplicateHeaders: undefined,
    path: '/3/movie/1519531/credits?api_key=17ed80067ca246fc9ea1be7975b73017&language=en-US',
    _ended: true,
    res: IncomingMessage {
      _events: [Object],
      _readableState: [ReadableState],
      _maxListeners: undefined,
      socket: null,
      httpVersionMajor: 1,
      httpVersionMinor: 1,
      httpVersion: '1.1',
      complete: true,
      rawHeaders: [Array],
      rawTrailers: [],
      joinDuplicateHeaders: undefined,
      aborted: false,
      upgrade: false,
      url: '',
      method: null,
      statusCode: 404,
      statusMessage: 'Not Found',
      client: [TLSSocket],
      _consuming: true,
      _dumped: false,
      req: [Circular *1],
      _eventsCount: 4,
      responseUrl: 'https://api.themoviedb.org/3/movie/1519531/credits?api_key=17ed80067ca246fc9ea1be7975b73017&language=en-US',
      redirects: [],
      [Symbol(shapeMode)]: true,
      [Symbol(kCapture)]: false,
      [Symbol(kHeaders)]: [Object],
      [Symbol(kHeadersCount)]: 30,
      [Symbol(kTrailers)]: null,
      [Symbol(kTrailersCount)]: 0
    },
    aborted: false,
    timeoutCb: null,
    upgradeOrConnect: false,
    parser: null,
    maxHeadersCount: null,
    reusedSocket: true,
    host: 'api.themoviedb.org',
    protocol: 'https:',
    _redirectable: Writable {
      _events: [Object],
      _writableState: [WritableState],
      _maxListeners: undefined,
      _options: [Object],
      _ended: true,
      _ending: true,
      _redirectCount: 0,
      _redirects: [],
      _requestBodyLength: 0,
      _requestBodyBuffers: [],
      _eventsCount: 3,
      _onNativeResponse: [Function (anonymous)],
      _currentRequest: [Circular *1],
      _currentUrl: 'https://api.themoviedb.org/3/movie/1519531/credits?api_key=17ed80067ca246fc9ea1be7975b73017&language=en-US',
      _timeout: null,
      [Symbol(shapeMode)]: true,
      [Symbol(kCapture)]: false
    },
    [Symbol(shapeMode)]: false,
    [Symbol(kCapture)]: false,
    [Symbol(kBytesWritten)]: 0,
    [Symbol(kNeedDrain)]: false,
    [Symbol(corked)]: 0,
    [Symbol(kChunkedBuffer)]: [],
    [Symbol(kChunkedLength)]: 0,
    [Symbol(kSocket)]: TLSSocket {
      _tlsOptions: [Object],
      _secureEstablished: true,
      _securePending: false,
      _newSessionPending: false,
      _controlReleased: true,
      secureConnecting: false,
      _SNICallback: null,
      servername: 'api.themoviedb.org',
      alpnProtocol: false,
      authorized: true,
      authorizationError: null,
      encrypted: true,
      _events: [Object: null prototype],
      _eventsCount: 9,
      connecting: false,
      _hadError: false,
      _parent: null,
      _host: 'api.themoviedb.org',
      _closeAfterHandlingError: false,
      _readableState: [ReadableState],
      _writableState: [WritableState],
      allowHalfOpen: false,
      _maxListeners: undefined,
      _sockname: null,
      _pendingData: null,
      _pendingEncoding: '',
      server: undefined,
      _server: null,
      ssl: [TLSWrap],
      _requestCert: true,
      _rejectUnauthorized: true,
      timeout: 5000,
      parser: null,
      _httpMessage: null,
      autoSelectFamilyAttemptedAddresses: [Array],
      [Symbol(alpncallback)]: null,
      [Symbol(res)]: [TLSWrap],
      [Symbol(verified)]: true,
      [Symbol(pendingSession)]: null,
      [Symbol(async_id_symbol)]: -1,
      [Symbol(kHandle)]: [TLSWrap],
      [Symbol(lastWriteQueueSize)]: 0,
      [Symbol(timeout)]: Timeout {
        _idleTimeout: 5000,
        _idlePrev: [TimersList],
        _idleNext: [TimersList],
        _idleStart: 697931,
        _onTimeout: [Function: bound ],
        _timerArgs: undefined,
        _repeat: null,
        _destroyed: false,
        [Symbol(refed)]: false,
        [Symbol(kHasPrimitive)]: false,
        [Symbol(asyncId)]: 30372,
        [Symbol(triggerId)]: 30370,
        [Symbol(kAsyncContextFrame)]: undefined
      },
      [Symbol(kBuffer)]: null,
      [Symbol(kBufferCb)]: null,
      [Symbol(kBufferGen)]: null,
      [Symbol(shapeMode)]: true,
      [Symbol(kCapture)]: false,
      [Symbol(kSetNoDelay)]: false,
      [Symbol(kSetKeepAlive)]: true,
      [Symbol(kSetKeepAliveInitialDelay)]: 1,
      [Symbol(kBytesRead)]: 0,
      [Symbol(kBytesWritten)]: 0,
      [Symbol(connect-options)]: [Object]
    },
    [Symbol(kOutHeaders)]: [Object: null prototype] {
      accept: [Array],
      'user-agent': [Array],
      'accept-encoding': [Array],
      host: [Array]
    },
    [Symbol(errored)]: null,
    [Symbol(kHighWaterMark)]: 65536,
    [Symbol(kRejectNonStandardBodyWrites)]: false,
    [Symbol(kUniqueHeaders)]: null
  },
  response: {
    status: 404,
    statusText: 'Not Found',
    headers: Object [AxiosHeaders] {
      'content-type': 'application/json;charset=utf-8',
      'transfer-encoding': 'chunked',
      connection: 'keep-alive',
      date: 'Sat, 07 Feb 2026 03:53:52 GMT',
      server: 'openresty',
      'x-az': 'us-east-1c',
      'x-task-id': 'f40f3f80537d431d8e1d1153f3beb36d',
      vary: 'accept-encoding, Origin',
      'x-cache': 'Error from cloudfront',
      via: '1.1 6cfe3bbb6480c049c2a656d91758aa90.cloudfront.net (CloudFront)',
      'x-amz-cf-pop': 'FRA56-P13',
      'alt-svc': 'h3=":443"; ma=86400',
      'x-amz-cf-id': '6-QZ5Y3SCN2JC_1wq7lwYcMf6EMHAOhFTkKNK4smlqqUYLLCULzUAg=='
    },
    config: {
      transitional: [Object],
      adapter: [Array],
      transformRequest: [Array],
      transformResponse: [Array],
      timeout: 30000,
      xsrfCookieName: 'XSRF-TOKEN',
      xsrfHeaderName: 'X-XSRF-TOKEN',
      maxContentLength: -1,
      maxBodyLength: -1,
      env: [Object],
      validateStatus: [Function: validateStatus],
      headers: [Object [AxiosHeaders]],
      method: 'get',
      url: 'https://api.themoviedb.org/3/movie/1519531/credits?api_key=17ed80067ca246fc9ea1be7975b73017&language=en-US',
      allowAbsoluteUrls: true,
      data: undefined
    },
    request: <ref *1> ClientRequest {
      _events: [Object: null prototype],
      _eventsCount: 7,
      _maxListeners: undefined,
      outputData: [],
      outputSize: 0,
      writable: true,
      destroyed: true,
      _last: true,
      chunkedEncoding: false,
      shouldKeepAlive: true,
      maxRequestsOnConnectionReached: false,
      _defaultKeepAlive: true,
      useChunkedEncodingByDefault: false,
      sendDate: false,
      _removedConnection: false,
      _removedContLen: false,
      _removedTE: false,
      strictContentLength: false,
      _contentLength: 0,
      _hasBody: true,
      _trailer: '',
      finished: true,
      _headerSent: true,
      _closed: true,
      _header: 'GET /3/movie/1519531/credits?api_key=17ed80067ca246fc9ea1be7975b73017&language=en-US HTTP/1.1\r\n' +
        'Accept: application/json, text/plain, */*\r\n' +
        'User-Agent: axios/1.12.2\r\n' +
        'Accept-Encoding: gzip, compress, deflate, br\r\n' +
        'Host: api.themoviedb.org\r\n' +
        'Connection: keep-alive\r\n' +
        '\r\n',
      _keepAliveTimeout: 0,
      _onPendingData: [Function: nop],
      agent: [Agent],
      socketPath: undefined,
      method: 'GET',
      maxHeaderSize: undefined,
      insecureHTTPParser: undefined,
      joinDuplicateHeaders: undefined,
      path: '/3/movie/1519531/credits?api_key=17ed80067ca246fc9ea1be7975b73017&language=en-US',
      _ended: true,
      res: [IncomingMessage],
      aborted: false,
      timeoutCb: null,
      upgradeOrConnect: false,
      parser: null,
      maxHeadersCount: null,
      reusedSocket: true,
      host: 'api.themoviedb.org',
      protocol: 'https:',
      _redirectable: [Writable],
      [Symbol(shapeMode)]: false,
      [Symbol(kCapture)]: false,
      [Symbol(kBytesWritten)]: 0,
      [Symbol(kNeedDrain)]: false,
      [Symbol(corked)]: 0,
      [Symbol(kChunkedBuffer)]: [],
      [Symbol(kChunkedLength)]: 0,
      [Symbol(kSocket)]: [TLSSocket],
      [Symbol(kOutHeaders)]: [Object: null prototype],
      [Symbol(errored)]: null,
      [Symbol(kHighWaterMark)]: 65536,
      [Symbol(kRejectNonStandardBodyWrites)]: false,
      [Symbol(kUniqueHeaders)]: null
    },
    data: {
      success: false,
      status_code: 34,
      status_message: 'The resource you requested could not be found.'
    }
  },
  status: 404
}
[303/19151] Moïse (1996): Failed to fetch movie credits
Error fetching movie credits for ingestion: AxiosError: Request failed with status code 404
    at settle (/Users/demirhorzum/ActorRating/actor-rating/node_modules/axios/lib/core/settle.js:19:12)
    at Unzip.handleStreamEnd (/Users/demirhorzum/ActorRating/actor-rating/node_modules/axios/lib/adapters/http.js:617:11)
    at Unzip.emit (node:events:519:35)
    at endReadableNT (node:internal/streams/readable:1696:12)
    at process.processTicksAndRejections (node:internal/process/task_queues:90:21)
    at Axios.request (/Users/demirhorzum/ActorRating/actor-rating/node_modules/axios/lib/core/Axios.js:45:41)
    at process.processTicksAndRejections (node:internal/process/task_queues:105:5)
    at async getMovieCreditsForIngestion (/Users/demirhorzum/ActorRating/actor-rating/src/lib/tmdb.ts:137:22)
    at async ingestMovieCast (/Users/demirhorzum/ActorRating/actor-rating/src/lib/movie-ingestion.ts:240:19)
    at async main (/Users/demirhorzum/ActorRating/actor-rating/scripts/ingest-all-movies-cast.ts:62:22) {
  code: 'ERR_BAD_REQUEST',
  config: {
    transitional: {
      silentJSONParsing: true,
      forcedJSONParsing: true,
      clarifyTimeoutError: false
    },
    adapter: [ 'xhr', 'http', 'fetch' ],
    transformRequest: [ [Function: transformRequest] ],
    transformResponse: [ [Function: transformResponse] ],
    timeout: 30000,
    xsrfCookieName: 'XSRF-TOKEN',
    xsrfHeaderName: 'X-XSRF-TOKEN',
    maxContentLength: -1,
    maxBodyLength: -1,
    env: { FormData: [Function [FormData]], Blob: [class Blob] },
    validateStatus: [Function: validateStatus],
    headers: Object [AxiosHeaders] {
      Accept: 'application/json, text/plain, */*',
      'Content-Type': undefined,
      'User-Agent': 'axios/1.12.2',
      'Accept-Encoding': 'gzip, compress, deflate, br'
    },
    method: 'get',
    url: 'https://api.themoviedb.org/3/movie/1439752/credits?api_key=17ed80067ca246fc9ea1be7975b73017&language=en-US',
    allowAbsoluteUrls: true,
    data: undefined
  },
  request: <ref *1> ClientRequest {
    _events: [Object: null prototype] {
      abort: [Function (anonymous)],
      aborted: [Function (anonymous)],
      connect: [Function (anonymous)],
      error: [Function (anonymous)],
      socket: [Function (anonymous)],
      timeout: [Function (anonymous)],
      finish: [Function: requestOnFinish]
    },
    _eventsCount: 7,
    _maxListeners: undefined,
    outputData: [],
    outputSize: 0,
    writable: true,
    destroyed: true,
    _last: true,
    chunkedEncoding: false,
    shouldKeepAlive: true,
    maxRequestsOnConnectionReached: false,
    _defaultKeepAlive: true,
    useChunkedEncodingByDefault: false,
    sendDate: false,
    _removedConnection: false,
    _removedContLen: false,
    _removedTE: false,
    strictContentLength: false,
    _contentLength: 0,
    _hasBody: true,
    _trailer: '',
    finished: true,
    _headerSent: true,
    _closed: true,
    _header: 'GET /3/movie/1439752/credits?api_key=17ed80067ca246fc9ea1be7975b73017&language=en-US HTTP/1.1\r\n' +
      'Accept: application/json, text/plain, */*\r\n' +
      'User-Agent: axios/1.12.2\r\n' +
      'Accept-Encoding: gzip, compress, deflate, br\r\n' +
      'Host: api.themoviedb.org\r\n' +
      'Connection: keep-alive\r\n' +
      '\r\n',
    _keepAliveTimeout: 0,
    _onPendingData: [Function: nop],
    agent: Agent {
      _events: [Object: null prototype],
      _eventsCount: 2,
      _maxListeners: undefined,
      defaultPort: 443,
      protocol: 'https:',
      options: [Object: null prototype],
      requests: [Object: null prototype] {},
      sockets: [Object: null prototype] {},
      freeSockets: [Object: null prototype],
      keepAliveMsecs: 1000,
      keepAlive: true,
      maxSockets: Infinity,
      maxFreeSockets: 256,
      scheduling: 'lifo',
      maxTotalSockets: Infinity,
      totalSocketCount: 1,
      maxCachedSessions: 100,
      _sessionCache: [Object],
      [Symbol(shapeMode)]: false,
      [Symbol(kCapture)]: false
    },
    socketPath: undefined,
    method: 'GET',
    maxHeaderSize: undefined,
    insecureHTTPParser: undefined,
    joinDuplicateHeaders: undefined,
    path: '/3/movie/1439752/credits?api_key=17ed80067ca246fc9ea1be7975b73017&language=en-US',
    _ended: true,
    res: IncomingMessage {
      _events: [Object],
      _readableState: [ReadableState],
      _maxListeners: undefined,
      socket: null,
      httpVersionMajor: 1,
      httpVersionMinor: 1,
      httpVersion: '1.1',
      complete: true,
      rawHeaders: [Array],
      rawTrailers: [],
      joinDuplicateHeaders: undefined,
      aborted: false,
      upgrade: false,
      url: '',
      method: null,
      statusCode: 404,
      statusMessage: 'Not Found',
      client: [TLSSocket],
      _consuming: true,
      _dumped: false,
      req: [Circular *1],
      _eventsCount: 4,
      responseUrl: 'https://api.themoviedb.org/3/movie/1439752/credits?api_key=17ed80067ca246fc9ea1be7975b73017&language=en-US',
      redirects: [],
      [Symbol(shapeMode)]: true,
      [Symbol(kCapture)]: false,
      [Symbol(kHeaders)]: [Object],
      [Symbol(kHeadersCount)]: 30,
      [Symbol(kTrailers)]: null,
      [Symbol(kTrailersCount)]: 0
    },
    aborted: false,
    timeoutCb: null,
    upgradeOrConnect: false,
    parser: null,
    maxHeadersCount: null,
    reusedSocket: true,
    host: 'api.themoviedb.org',
    protocol: 'https:',
    _redirectable: Writable {
      _events: [Object],
      _writableState: [WritableState],
      _maxListeners: undefined,
      _options: [Object],
      _ended: true,
      _ending: true,
      _redirectCount: 0,
      _redirects: [],
      _requestBodyLength: 0,
      _requestBodyBuffers: [],
      _eventsCount: 3,
      _onNativeResponse: [Function (anonymous)],
      _currentRequest: [Circular *1],
      _currentUrl: 'https://api.themoviedb.org/3/movie/1439752/credits?api_key=17ed80067ca246fc9ea1be7975b73017&language=en-US',
      _timeout: null,
      [Symbol(shapeMode)]: true,
      [Symbol(kCapture)]: false
    },
    [Symbol(shapeMode)]: false,
    [Symbol(kCapture)]: false,
    [Symbol(kBytesWritten)]: 0,
    [Symbol(kNeedDrain)]: false,
    [Symbol(corked)]: 0,
    [Symbol(kChunkedBuffer)]: [],
    [Symbol(kChunkedLength)]: 0,
    [Symbol(kSocket)]: TLSSocket {
      _tlsOptions: [Object],
      _secureEstablished: true,
      _securePending: false,
      _newSessionPending: false,
      _controlReleased: true,
      secureConnecting: false,
      _SNICallback: null,
      servername: 'api.themoviedb.org',
      alpnProtocol: false,
      authorized: true,
      authorizationError: null,
      encrypted: true,
      _events: [Object: null prototype],
      _eventsCount: 9,
      connecting: false,
      _hadError: false,
      _parent: null,
      _host: 'api.themoviedb.org',
      _closeAfterHandlingError: false,
      _readableState: [ReadableState],
      _writableState: [WritableState],
      allowHalfOpen: false,
      _maxListeners: undefined,
      _sockname: null,
      _pendingData: null,
      _pendingEncoding: '',
      server: undefined,
      _server: null,
      ssl: [TLSWrap],
      _requestCert: true,
      _rejectUnauthorized: true,
      timeout: 5000,
      parser: null,
      _httpMessage: null,
      autoSelectFamilyAttemptedAddresses: [Array],
      [Symbol(alpncallback)]: null,
      [Symbol(res)]: [TLSWrap],
      [Symbol(verified)]: true,
      [Symbol(pendingSession)]: null,
      [Symbol(async_id_symbol)]: -1,
      [Symbol(kHandle)]: [TLSWrap],
      [Symbol(lastWriteQueueSize)]: 0,
      [Symbol(timeout)]: Timeout {
        _idleTimeout: 5000,
        _idlePrev: [TimersList],
        _idleNext: [TimersList],
        _idleStart: 716187,
        _onTimeout: [Function: bound ],
        _timerArgs: undefined,
        _repeat: null,
        _destroyed: false,
        [Symbol(refed)]: false,
        [Symbol(kHasPrimitive)]: false,
        [Symbol(asyncId)]: 31183,
        [Symbol(triggerId)]: 31181,
        [Symbol(kAsyncContextFrame)]: undefined
      },
      [Symbol(kBuffer)]: null,
      [Symbol(kBufferCb)]: null,
      [Symbol(kBufferGen)]: null,
      [Symbol(shapeMode)]: true,
      [Symbol(kCapture)]: false,
      [Symbol(kSetNoDelay)]: false,
      [Symbol(kSetKeepAlive)]: true,
      [Symbol(kSetKeepAliveInitialDelay)]: 1,
      [Symbol(kBytesRead)]: 0,
      [Symbol(kBytesWritten)]: 0,
      [Symbol(connect-options)]: [Object]
    },
    [Symbol(kOutHeaders)]: [Object: null prototype] {
      accept: [Array],
      'user-agent': [Array],
      'accept-encoding': [Array],
      host: [Array]
    },
    [Symbol(errored)]: null,
    [Symbol(kHighWaterMark)]: 65536,
    [Symbol(kRejectNonStandardBodyWrites)]: false,
    [Symbol(kUniqueHeaders)]: null
  },
  response: {
    status: 404,
    statusText: 'Not Found',
    headers: Object [AxiosHeaders] {
      'content-type': 'application/json;charset=utf-8',
      'transfer-encoding': 'chunked',
      connection: 'keep-alive',
      date: 'Sat, 07 Feb 2026 03:54:11 GMT',
      server: 'openresty',
      'x-az': 'us-east-1c',
      'x-task-id': 'd73a40d1ce7341cd83894c39dd6bd7d4',
      vary: 'accept-encoding, Origin',
      'x-cache': 'Error from cloudfront',
      via: '1.1 7ad0b0442533f4f7737588a9858061e2.cloudfront.net (CloudFront)',
      'x-amz-cf-pop': 'FRA56-P13',
      'alt-svc': 'h3=":443"; ma=86400',
      'x-amz-cf-id': 'b1kEG51OlkePNQCJ9UPS6RxRMUQ86Z7f4HBDwfwqV3Ddq_AgU6uI8A=='
    },
    config: {
      transitional: [Object],
      adapter: [Array],
      transformRequest: [Array],
      transformResponse: [Array],
      timeout: 30000,
      xsrfCookieName: 'XSRF-TOKEN',
      xsrfHeaderName: 'X-XSRF-TOKEN',
      maxContentLength: -1,
      maxBodyLength: -1,
      env: [Object],
      validateStatus: [Function: validateStatus],
      headers: [Object [AxiosHeaders]],
      method: 'get',
      url: 'https://api.themoviedb.org/3/movie/1439752/credits?api_key=17ed80067ca246fc9ea1be7975b73017&language=en-US',
      allowAbsoluteUrls: true,
      data: undefined
    },
    request: <ref *1> ClientRequest {
      _events: [Object: null prototype],
      _eventsCount: 7,
      _maxListeners: undefined,
      outputData: [],
      outputSize: 0,
      writable: true,
      destroyed: true,
      _last: true,
      chunkedEncoding: false,
      shouldKeepAlive: true,
      maxRequestsOnConnectionReached: false,
      _defaultKeepAlive: true,
      useChunkedEncodingByDefault: false,
      sendDate: false,
      _removedConnection: false,
      _removedContLen: false,
      _removedTE: false,
      strictContentLength: false,
      _contentLength: 0,
      _hasBody: true,
      _trailer: '',
      finished: true,
      _headerSent: true,
      _closed: true,
      _header: 'GET /3/movie/1439752/credits?api_key=17ed80067ca246fc9ea1be7975b73017&language=en-US HTTP/1.1\r\n' +
        'Accept: application/json, text/plain, */*\r\n' +
        'User-Agent: axios/1.12.2\r\n' +
        'Accept-Encoding: gzip, compress, deflate, br\r\n' +
        'Host: api.themoviedb.org\r\n' +
        'Connection: keep-alive\r\n' +
        '\r\n',
      _keepAliveTimeout: 0,
      _onPendingData: [Function: nop],
      agent: [Agent],
      socketPath: undefined,
      method: 'GET',
      maxHeaderSize: undefined,
      insecureHTTPParser: undefined,
      joinDuplicateHeaders: undefined,
      path: '/3/movie/1439752/credits?api_key=17ed80067ca246fc9ea1be7975b73017&language=en-US',
      _ended: true,
      res: [IncomingMessage],
      aborted: false,
      timeoutCb: null,
      upgradeOrConnect: false,
      parser: null,
      maxHeadersCount: null,
      reusedSocket: true,
      host: 'api.themoviedb.org',
      protocol: 'https:',
      _redirectable: [Writable],
      [Symbol(shapeMode)]: false,
      [Symbol(kCapture)]: false,
      [Symbol(kBytesWritten)]: 0,
      [Symbol(kNeedDrain)]: false,
      [Symbol(corked)]: 0,
      [Symbol(kChunkedBuffer)]: [],
      [Symbol(kChunkedLength)]: 0,
      [Symbol(kSocket)]: [TLSSocket],
      [Symbol(kOutHeaders)]: [Object: null prototype],
      [Symbol(errored)]: null,
      [Symbol(kHighWaterMark)]: 65536,
      [Symbol(kRejectNonStandardBodyWrites)]: false,
      [Symbol(kUniqueHeaders)]: null
    },
    data: {
      success: false,
      status_code: 34,
      status_message: 'The resource you requested could not be found.'
    }
  },
  status: 404
}
[311/19151] T2 3-D: Battle Across Time (1996): Failed to fetch movie credits
[400/19151] Jack (1996) — created: 21, updated: 0
[429/19151] The God of Cookery (1996): 
Invalid `prisma.performance.create()` invocation in
/Users/demirhorzum/ActorRating/actor-rating/src/lib/movie-ingestion.ts:296:32

  293 const existing = performanceByActorId.get(actor.id);
  294 
  295 if (!existing) {
→ 296   await prisma.performance.create(
Unique constraint failed on the fields: (`userId`,`actorId`,`movieId`)
Error fetching movie credits for ingestion: AxiosError: Request failed with status code 404
    at settle (/Users/demirhorzum/ActorRating/actor-rating/node_modules/axios/lib/core/settle.js:19:12)
    at Unzip.handleStreamEnd (/Users/demirhorzum/ActorRating/actor-rating/node_modules/axios/lib/adapters/http.js:617:11)
    at Unzip.emit (node:events:519:35)
    at endReadableNT (node:internal/streams/readable:1696:12)
    at process.processTicksAndRejections (node:internal/process/task_queues:90:21)
    at Axios.request (/Users/demirhorzum/ActorRating/actor-rating/node_modules/axios/lib/core/Axios.js:45:41)
    at process.processTicksAndRejections (node:internal/process/task_queues:105:5)
    at async getMovieCreditsForIngestion (/Users/demirhorzum/ActorRating/actor-rating/src/lib/tmdb.ts:137:22)
    at async ingestMovieCast (/Users/demirhorzum/ActorRating/actor-rating/src/lib/movie-ingestion.ts:240:19)
    at async main (/Users/demirhorzum/ActorRating/actor-rating/scripts/ingest-all-movies-cast.ts:62:22) {
  code: 'ERR_BAD_REQUEST',
  config: {
    transitional: {
      silentJSONParsing: true,
      forcedJSONParsing: true,
      clarifyTimeoutError: false
    },
    adapter: [ 'xhr', 'http', 'fetch' ],
    transformRequest: [ [Function: transformRequest] ],
    transformResponse: [ [Function: transformResponse] ],
    timeout: 30000,
    xsrfCookieName: 'XSRF-TOKEN',
    xsrfHeaderName: 'X-XSRF-TOKEN',
    maxContentLength: -1,
    maxBodyLength: -1,
    env: { FormData: [Function [FormData]], Blob: [class Blob] },
    validateStatus: [Function: validateStatus],
    headers: Object [AxiosHeaders] {
      Accept: 'application/json, text/plain, */*',
      'Content-Type': undefined,
      'User-Agent': 'axios/1.12.2',
      'Accept-Encoding': 'gzip, compress, deflate, br'
    },
    method: 'get',
    url: 'https://api.themoviedb.org/3/movie/58427/credits?api_key=17ed80067ca246fc9ea1be7975b73017&language=en-US',
    allowAbsoluteUrls: true,
    data: undefined
  },
  request: <ref *1> ClientRequest {
    _events: [Object: null prototype] {
      abort: [Function (anonymous)],
      aborted: [Function (anonymous)],
      connect: [Function (anonymous)],
      error: [Function (anonymous)],
      socket: [Function (anonymous)],
      timeout: [Function (anonymous)],
      finish: [Function: requestOnFinish]
    },
    _eventsCount: 7,
    _maxListeners: undefined,
    outputData: [],
    outputSize: 0,
    writable: true,
    destroyed: true,
    _last: true,
    chunkedEncoding: false,
    shouldKeepAlive: true,
    maxRequestsOnConnectionReached: false,
    _defaultKeepAlive: true,
    useChunkedEncodingByDefault: false,
    sendDate: false,
    _removedConnection: false,
    _removedContLen: false,
    _removedTE: false,
    strictContentLength: false,
    _contentLength: 0,
    _hasBody: true,
    _trailer: '',
    finished: true,
    _headerSent: true,
    _closed: true,
    _header: 'GET /3/movie/58427/credits?api_key=17ed80067ca246fc9ea1be7975b73017&language=en-US HTTP/1.1\r\n' +
      'Accept: application/json, text/plain, */*\r\n' +
      'User-Agent: axios/1.12.2\r\n' +
      'Accept-Encoding: gzip, compress, deflate, br\r\n' +
      'Host: api.themoviedb.org\r\n' +
      'Connection: keep-alive\r\n' +
      '\r\n',
    _keepAliveTimeout: 0,
    _onPendingData: [Function: nop],
    agent: Agent {
      _events: [Object: null prototype],
      _eventsCount: 2,
      _maxListeners: undefined,
      defaultPort: 443,
      protocol: 'https:',
      options: [Object: null prototype],
      requests: [Object: null prototype] {},
      sockets: [Object: null prototype] {},
      freeSockets: [Object: null prototype],
      keepAliveMsecs: 1000,
      keepAlive: true,
      maxSockets: Infinity,
      maxFreeSockets: 256,
      scheduling: 'lifo',
      maxTotalSockets: Infinity,
      totalSocketCount: 1,
      maxCachedSessions: 100,
      _sessionCache: [Object],
      [Symbol(shapeMode)]: false,
      [Symbol(kCapture)]: false
    },
    socketPath: undefined,
    method: 'GET',
    maxHeaderSize: undefined,
    insecureHTTPParser: undefined,
    joinDuplicateHeaders: undefined,
    path: '/3/movie/58427/credits?api_key=17ed80067ca246fc9ea1be7975b73017&language=en-US',
    _ended: true,
    res: IncomingMessage {
      _events: [Object],
      _readableState: [ReadableState],
      _maxListeners: undefined,
      socket: null,
      httpVersionMajor: 1,
      httpVersionMinor: 1,
      httpVersion: '1.1',
      complete: true,
      rawHeaders: [Array],
      rawTrailers: [],
      joinDuplicateHeaders: undefined,
      aborted: false,
      upgrade: false,
      url: '',
      method: null,
      statusCode: 404,
      statusMessage: 'Not Found',
      client: [TLSSocket],
      _consuming: true,
      _dumped: false,
      req: [Circular *1],
      _eventsCount: 4,
      responseUrl: 'https://api.themoviedb.org/3/movie/58427/credits?api_key=17ed80067ca246fc9ea1be7975b73017&language=en-US',
      redirects: [],
      [Symbol(shapeMode)]: true,
      [Symbol(kCapture)]: false,
      [Symbol(kHeaders)]: [Object],
      [Symbol(kHeadersCount)]: 30,
      [Symbol(kTrailers)]: null,
      [Symbol(kTrailersCount)]: 0
    },
    aborted: false,
    timeoutCb: null,
    upgradeOrConnect: false,
    parser: null,
    maxHeadersCount: null,
    reusedSocket: true,
    host: 'api.themoviedb.org',
    protocol: 'https:',
    _redirectable: Writable {
      _events: [Object],
      _writableState: [WritableState],
      _maxListeners: undefined,
      _options: [Object],
      _ended: true,
      _ending: true,
      _redirectCount: 0,
      _redirects: [],
      _requestBodyLength: 0,
      _requestBodyBuffers: [],
      _eventsCount: 3,
      _onNativeResponse: [Function (anonymous)],
      _currentRequest: [Circular *1],
      _currentUrl: 'https://api.themoviedb.org/3/movie/58427/credits?api_key=17ed80067ca246fc9ea1be7975b73017&language=en-US',
      _timeout: null,
      [Symbol(shapeMode)]: true,
      [Symbol(kCapture)]: false
    },
    [Symbol(shapeMode)]: false,
    [Symbol(kCapture)]: false,
    [Symbol(kBytesWritten)]: 0,
    [Symbol(kNeedDrain)]: false,
    [Symbol(corked)]: 0,
    [Symbol(kChunkedBuffer)]: [],
    [Symbol(kChunkedLength)]: 0,
    [Symbol(kSocket)]: TLSSocket {
      _tlsOptions: [Object],
      _secureEstablished: true,
      _securePending: false,
      _newSessionPending: false,
      _controlReleased: true,
      secureConnecting: false,
      _SNICallback: null,
      servername: 'api.themoviedb.org',
      alpnProtocol: false,
      authorized: true,
      authorizationError: null,
      encrypted: true,
      _events: [Object: null prototype],
      _eventsCount: 9,
      connecting: false,
      _hadError: false,
      _parent: null,
      _host: 'api.themoviedb.org',
      _closeAfterHandlingError: false,
      _readableState: [ReadableState],
      _writableState: [WritableState],
      allowHalfOpen: false,
      _maxListeners: undefined,
      _sockname: null,
      _pendingData: null,
      _pendingEncoding: '',
      server: undefined,
      _server: null,
      ssl: [TLSWrap],
      _requestCert: true,
      _rejectUnauthorized: true,
      timeout: 5000,
      parser: null,
      _httpMessage: null,
      autoSelectFamilyAttemptedAddresses: [Array],
      [Symbol(alpncallback)]: null,
      [Symbol(res)]: [TLSWrap],
      [Symbol(verified)]: true,
      [Symbol(pendingSession)]: null,
      [Symbol(async_id_symbol)]: -1,
      [Symbol(kHandle)]: [TLSWrap],
      [Symbol(lastWriteQueueSize)]: 0,
      [Symbol(timeout)]: Timeout {
        _idleTimeout: 5000,
        _idlePrev: [TimersList],
        _idleNext: [TimersList],
        _idleStart: 1111558,
        _onTimeout: [Function: bound ],
        _timerArgs: undefined,
        _repeat: null,
        _destroyed: false,
        [Symbol(refed)]: false,
        [Symbol(kHasPrimitive)]: false,
        [Symbol(asyncId)]: 48116,
        [Symbol(triggerId)]: 48114,
        [Symbol(kAsyncContextFrame)]: undefined
      },
      [Symbol(kBuffer)]: null,
      [Symbol(kBufferCb)]: null,
      [Symbol(kBufferGen)]: null,
      [Symbol(shapeMode)]: true,
      [Symbol(kCapture)]: false,
      [Symbol(kSetNoDelay)]: false,
      [Symbol(kSetKeepAlive)]: true,
      [Symbol(kSetKeepAliveInitialDelay)]: 1,
      [Symbol(kBytesRead)]: 0,
      [Symbol(kBytesWritten)]: 0,
      [Symbol(connect-options)]: [Object]
    },
    [Symbol(kOutHeaders)]: [Object: null prototype] {
      accept: [Array],
      'user-agent': [Array],
      'accept-encoding': [Array],
      host: [Array]
    },
    [Symbol(errored)]: null,
    [Symbol(kHighWaterMark)]: 65536,
    [Symbol(kRejectNonStandardBodyWrites)]: false,
    [Symbol(kUniqueHeaders)]: null
  },
  response: {
    status: 404,
    statusText: 'Not Found',
    headers: Object [AxiosHeaders] {
      'content-type': 'application/json;charset=utf-8',
      'transfer-encoding': 'chunked',
      connection: 'keep-alive',
      date: 'Sat, 07 Feb 2026 04:00:46 GMT',
      server: 'openresty',
      'x-az': 'us-east-1a',
      'x-task-id': '5454ed0aae82487dbcf82d30fda3fb15',
      vary: 'accept-encoding, Origin',
      'x-cache': 'Error from cloudfront',
      via: '1.1 bc7c353da4431a6dd3688d01f8a48b98.cloudfront.net (CloudFront)',
      'x-amz-cf-pop': 'FRA56-P13',
      'alt-svc': 'h3=":443"; ma=86400',
      'x-amz-cf-id': 'JS8hxqIQp1QMtX43D7329GiBy_Vu7CsupCOB5TOM8m1X9yEUC75_yw=='
    },
    config: {
      transitional: [Object],
      adapter: [Array],
      transformRequest: [Array],
      transformResponse: [Array],
      timeout: 30000,
      xsrfCookieName: 'XSRF-TOKEN',
      xsrfHeaderName: 'X-XSRF-TOKEN',
      maxContentLength: -1,
      maxBodyLength: -1,
      env: [Object],
      validateStatus: [Function: validateStatus],
      headers: [Object [AxiosHeaders]],
      method: 'get',
      url: 'https://api.themoviedb.org/3/movie/58427/credits?api_key=17ed80067ca246fc9ea1be7975b73017&language=en-US',
      allowAbsoluteUrls: true,
      data: undefined
    },
    request: <ref *1> ClientRequest {
      _events: [Object: null prototype],
      _eventsCount: 7,
      _maxListeners: undefined,
      outputData: [],
      outputSize: 0,
      writable: true,
      destroyed: true,
      _last: true,
      chunkedEncoding: false,
      shouldKeepAlive: true,
      maxRequestsOnConnectionReached: false,
      _defaultKeepAlive: true,
      useChunkedEncodingByDefault: false,
      sendDate: false,
      _removedConnection: false,
      _removedContLen: false,
      _removedTE: false,
      strictContentLength: false,
      _contentLength: 0,
      _hasBody: true,
      _trailer: '',
      finished: true,
      _headerSent: true,
      _closed: true,
      _header: 'GET /3/movie/58427/credits?api_key=17ed80067ca246fc9ea1be7975b73017&language=en-US HTTP/1.1\r\n' +
        'Accept: application/json, text/plain, */*\r\n' +
        'User-Agent: axios/1.12.2\r\n' +
        'Accept-Encoding: gzip, compress, deflate, br\r\n' +
        'Host: api.themoviedb.org\r\n' +
        'Connection: keep-alive\r\n' +
        '\r\n',
      _keepAliveTimeout: 0,
      _onPendingData: [Function: nop],
      agent: [Agent],
      socketPath: undefined,
      method: 'GET',
      maxHeaderSize: undefined,
      insecureHTTPParser: undefined,
      joinDuplicateHeaders: undefined,
      path: '/3/movie/58427/credits?api_key=17ed80067ca246fc9ea1be7975b73017&language=en-US',
      _ended: true,
      res: [IncomingMessage],
      aborted: false,
      timeoutCb: null,
      upgradeOrConnect: false,
      parser: null,
      maxHeadersCount: null,
      reusedSocket: true,
      host: 'api.themoviedb.org',
      protocol: 'https:',
      _redirectable: [Writable],
      [Symbol(shapeMode)]: false,
      [Symbol(kCapture)]: false,
      [Symbol(kBytesWritten)]: 0,
      [Symbol(kNeedDrain)]: false,
      [Symbol(corked)]: 0,
      [Symbol(kChunkedBuffer)]: [],
      [Symbol(kChunkedLength)]: 0,
      [Symbol(kSocket)]: [TLSSocket],
      [Symbol(kOutHeaders)]: [Object: null prototype],
      [Symbol(errored)]: null,
      [Symbol(kHighWaterMark)]: 65536,
      [Symbol(kRejectNonStandardBodyWrites)]: false,
      [Symbol(kUniqueHeaders)]: null
    },
    data: {
      success: false,
      status_code: 34,
      status_message: 'The resource you requested could not be found.'
    }
  },
  status: 404
}
[443/19151] Samson and Delilah (1996): Failed to fetch movie credits
[491/19151] Mrs. Winterbourne (1996): 
Invalid `prisma.performance.create()` invocation in
/Users/demirhorzum/ActorRating/actor-rating/src/lib/movie-ingestion.ts:296:32

  293 const existing = performanceByActorId.get(actor.id);
  294 
  295 if (!existing) {
→ 296   await prisma.performance.create(
Unique constraint failed on the fields: (`userId`,`actorId`,`movieId`)
[500/19151] The Pallbearer (1996) — created: 30, updated: 0
[542/19151] Street Corner Justice (1996): 
Invalid `prisma.performance.create()` invocation in
/Users/demirhorzum/ActorRating/actor-rating/src/lib/movie-ingestion.ts:296:32

  293 const existing = performanceByActorId.get(actor.id);
  294 
  295 if (!existing) {
→ 296   await prisma.performance.create(
Unique constraint failed on the fields: (`userId`,`actorId`,`movieId`)
